date,title,link,content
2022-12-02 10:47,전장연 지하철 시위에 출근길 4호선 1시간32분 지연(종합),https://n.news.naver.com/mnews/article/003/0011571332?sid=102,"[
기사내용 요약삼각지역 승하차 반복…상행선 1시간12분 지연



[서울=뉴시스] 김근수 기자 = 전국장애인차별철폐연대 조합원들이 지난 1일 오전 서울 용산구 삼각지역 4호선에서 열린 장애인 권리예산 확보를 위한 지하철 출근길 선전전을 하고있다. 2022.12.01. ks@newsis.com[서울=뉴시스]전재훈 기자 = 2일 전국장애인차별철폐연대(전장연)의 출근길 지하철 탑승 시위로 서울 지하철 4호선 운행이 최대 1시간32분 지연됐다.전장연은 이날 오전 7시30분부터 4호선 삼각지역 양방향 승강장에서 열차 탑승 및 하차를 반복하며 운행을 지연시켰다. 이들은 다른 역으로 이동하지 않고 삼각지역에서 오전 10시께까지 시위를 지속했다.서울교통공사에 따르면 이번 시위로 4호선 상행선 1시간12분, 하행선 1시간32분이 지연됐다.이날 시위에는 전장연 관계자 70여명이 참석해 내년도 예산안에 장애인 권리 예산을 확대 편성할 것을 요구했다. 이들은 ""지난해 12월3일부터 오늘까지 1년 동안 지하철을 탔음에도 윤석열 정부와 국민의힘은 아직까지 어떤 답변도 주지 않고 있다""고 주장했다.한편 전장연 관계자 11명은 전날 업무방해, 기차교통방해, 도로교통법 위반 등 혐의로 서울중앙지검에 전날 불구속 송치됐다. 이들은 장애인 권리 4대 법률 제·개정을 요구하며 지난해 12월부터 출근길 지하철 선전전을 개최하고 있다．
]"
2022-12-02 11:18,"""출근 좀 하자""…계속된 전장연 시위에 직장인도 불만 폭발",https://n.news.naver.com/mnews/article/008/0004824823?sid=102,"[




 2일 오전 7시 30분쯤부터 박경석 전국장애인차별철폐연대(전장연) 공동상임대표가 출근길 지하철 탑승 시위를 벌이고 있다. /사진=유예림 기자 ""하지 마세요. 대통령실 앞에서 하라고요! 지금 몇 개월째야 시민들 볼모로 해서 대통령실 앞에 가서 하라고.""2일 오전 7시 30분쯤부터 전국장애인차별철폐연대(전장연)가 출근길 지하철 탑승 시위를 벌이면서 서울 지하철 4호선이 지연 운행됐다. 박경석 전장연 상임대표와 회원 70여명은 이날 삼각지역 양방향 승강장에서 지하철에 탔다 내렸다를 반복하며 내년도 예산안에 장애인 권리예산을 확대 편성할 것을 요구했다. 지난해 12월부터 이어진 '출근길 지하철 탑니다' 탑승시위는 이날로 47번째를 맞이했다. 4호선 열차에 들어선 박 상임대표는 '마지막 출근길 지하철 탑니다'가 되게 해달라고 했다. 박 상임대표는 숙대입구역 방향 승강장에서 지하철 승하차를 반복하면서 오전 9시쯤 4호선 열차에 올라 ""법은 공평하다 하지 않았냐. 그런데 왜 이렇게 지독히 불평등한 시민으로 살아가야 하냐""며 ""이동하고 교육받고 살아갈 권리를 왜 장애인이 함께 누리기 힘든 거냐""고 말하고 열차에서 내렸다.  이 과정에서 일부 충돌도 있었다.  전장연 측은 오전 9시쯤 경찰이 선전전을 벌이려는 회원들의 휠체어를 억지로 들어 옮겼다고 주장했다. 시민들은 박 상임대표에게 욕설을 하기도 했다. 



2일 오전 7시 30분쯤부터 전국장애인차별철폐연대(전장연)가 서울 지하철 4호선 삼각지역에서 출근길 지하철 탑승 시위를 벌이면서 경찰과 출동했다. /영상=독자 제공 현장에서 만난 전장연 활동가 정모씨는 ""신용산역 방면에서 지하철을 탑승한 뒤 내리고 5분~10분 정도 선전전을 하고 있었는데 경찰이 그걸 못하게 했다""며 ""탑승자체를 못하게 하려고 줄을 서 있는 휠체어 탄 회원들을 억지로 옮기기 시작했다""고 말했다. 정씨는 ""한 명씩 옮기기 시작했고 우리는 그걸 막으려다 보니 갈등이 시작됐다""며 ""경찰이 '끌어내'라고 하는 말을 들었다""고 주장했다.  



2일 오전 7시 30분쯤부터 전국장애인차별철폐연대(전장연)가 서울 지하철 4호선 삼각지역에서 출근길 지하철 탑승 시위를 벌이면서 경찰과 출동했다./사진=전장연 페이스북이날 오전 9시쯤 서울교통공사 직원들이 전장연 회원들의 휠체어를 잡자 전장연 활동가들은 큰 소리로 '밀지 말라, 왜 자꾸 미냐'고 말했다. 이에 서울교통공사 직원들은 ""나오세요""라며 고성이 오고 갔다. 박 대표와 활동가들이 열차에 탑승해 발언을 할 때면 삼각지역장은 역내 방송을 통해 ""고의적인 열차운행 방해는 철도안전법에 따라 처벌될 수 있음을 고지한다""며 ""전장연은 시민들의 불편함이 없도록 정시 안전 운행에 협조해주길 바란다""고 말했다. 서울 용산경찰서 관계자도 승강장 내에서 전장연 회원들을 향해 ""용산역 업무 방해는 죄에 따라 처벌될 수 있다""며 여러 차례 경고 방송을 했다.일부 시민들은 전장연 회원을 향해 욕설을 하거나 '출근 좀 하자'며 소리치기도 했다. 서울 도봉구 쌍문동에 거주하는 박모씨는 ""쌍문역에서 (오전) 7시 50분에 탔는데 삼각지에 내리니까 (오전) 10시였다""며 ""회사에 늦게 출근한다고 알렸고 추가 근무해야 한다""고 했다. 박씨는 오전 9시까지 삼각지역 인근 산후조리원으로 출근해야 했지만 이날 전장연 시위로 연장 근무를 하게 됐다고 말했다. 탑승 시위에 앞서 이날 박 상임대표는 ""이제 장애인권리예산이 법적으로 국회에서 논의할 수 있는 마지막 단계에 있다""며 ""상임위에서 통과된 예산안을 여야 원내대표가 책임지고 반드시 통과시켜 달라""고 말했다. 이어 ""같이 출근길에 탔던 동료 11명이 불구속 기소됐다는 소식을 들었다""며 ""진짜 경찰이 조사해야 될 사람은 21년째 외쳐도 법의 권리를 보장하지 않는 자들""이라고 했다.경찰은 이날 오전 삼각지역에 250명의 경력을 배치했다. 경력은 6호선 환승통로와 4호선 사당방면 10번, 9번 승강장에 집중 배치됐다.한편 전장연은 지난해 세계 장애인의 날을 맞이해 12월2일부터 2박3일간 서울 영등포구 여의도역에서 공덕역까지 이동하는 출근길 시위를 처음으로 시작했다.
]"
2022-12-02 7:35,지하철 파업 끝나니 전장연 또 기습시위…4·5호선 퇴근길 대혼잡,https://n.news.naver.com/mnews/article/014/0004936754?sid=102,"[




1일 오전 서울 종로구 지하철 5호선 광화문역에서 시민들이 발걸음을 옮기고 있다. ⓒ News1 이승배 기자 /사진=뉴스1[파이낸셜뉴스] 전국장애인차별철폐연대(전장연)가 1일 오후 '장애인권리 예산 보장'을 요구하며 퇴근길 지하철 탑승 시위를 했다.   서울교통공사에 따르면 전장연 회원들은 이날 오후 5시 20분께 퇴근길 지하철 탑승 시위에 들어갔다.   지하철 5호선 여의도역에서 탑승한 전장연 회원들은 4호선 동대문문화역사공원역에서 환승해 삼각지역으로 이동했다. 이로 인해 지하철 4호선 열차 운행이 일부 지연됐다.   이에 앞서 전장연은 영등포구 이룸센터 앞에서 '전국 집중결의대회'를 했다.   단체는 ""2010년 장애인활동지원법과 장애인연금법이 제정된 이후 장애인복지 예산이 꾸준히 증가했으나 여전히 동정과 시혜 수준""이라며 ""장애인 관련 예산을 우리의 '권리'로 보장해야 한다""고 강조했다. 이들은 ""시민 여러분, 간곡하게 부탁드린다. 이제 전장연이 '출근길 지하철 탑니다'를 멈출 수 있게 해달라""며 ""윤석열 정부가 내년 예산에 국회 각 상임위에서 여야가 합의한 증액 예산만이라도 통과될 수 있도록 '함께 소리쳐' 달라""고 호소했다.   오는 3일 30번째 '세계 장애인의 날'을 앞두고 1∼2일 이틀간 장애인 예산 보장 촉구를 위한 대중집회를 한다고 밝힌 전장연은 2일 출근길 지하철 승하차 집회는 철회했다. 대신 이날 오전 삼각지역 플랫폼에서 시민들에게 장애인권리예산 반영의 필요성을 알리는 선전전을 진행할 예정이다.   전장연은 ""지난해 12월 3일 세계장애인날을 맞이해 '출근길 지하철 탑니다'를 처음으로 진행했다""며 ""2023년에는 장애인도 시민이 될 수 있게 해달라""고 강조했다. 이어 ""법적으로 국회에서 논의할 수 있는 마지막 단계에 있다""며 ""여야 원내대표가 책임지고 23년 예산안에 장애인권리예산을 책임질 수 있도록 함께 소리쳐 달라""고 시민들에게 관심을 호소했다.
		]"
2022-12-02 8:37,충돌 발생한 전장연 지하철 탑승 시위,https://n.news.naver.com/mnews/article/001/0013618070?sid=102,"[




    (서울=연합뉴스) 서대연 기자 = 전국장애인차별철폐연대(전장연) 회원들이 2일 오전 서울 4호선 삼각지역 플랫폼에서 지하철 탑승 시위 중 서울교통공사 지하철보안관 등과 충돌하고 있다. 2022.12.2    dwise@yna.co.kr
]"
2022-12-02 10:49,"장애인 단체, 출근길 지하철 탑승 시위 재개",https://n.news.naver.com/mnews/article/052/0001820955?sid=102,"[




사진 출처 : 연합뉴스전국장애인차별철폐연대가 장애인권리예산 반영을 촉구하며 출근 지하철 탑승 시위를 재개했습니다.전장연 회원 백50여 명은 오늘(2일) 아침 7시 40분쯤부터 서울 지하철 4호선 삼각지역 양방향 승강장에서 이동하지 않고, 승하차를 반복하는 시위를 벌였습니다.오전 9시쯤부터 경찰이 시위를 제지하며 마찰이 빚어졌는데, 다치거나 체포된 사람은 아직 없는 거로 전해졌습니다.또, 4호선 상행선과 하행선 운행이 각각 1시간과 1시간 반 넘게 지연됐습니다.전장연은 내일(3일) 세계 장애인의 날을 앞두고 장애인 예산 보장을 촉구하며 집중투쟁을 벌이고 있습니다.※ '당신의 제보가 뉴스가 됩니다'[카카오톡] YTN 검색해 채널 추가[전화] 02-398-8585[메일] social@ytn.co.kr
		]"
2022-12-02 19:43,출근길 시민 볼모로 시위…쇠사슬로 열차 묶어 출발 지연,https://n.news.naver.com/mnews/article/449/0000239194?sid=102,"[
			[앵커]지하철 파업 타결로 한시름 놓는가 했더니 이번엔 장애인 단체가 또다시 출근길 지하철 시위를 벌였습니다.  쇠사슬에 수갑까지 등장하며 지하철은 최대 1시간 반이나 지연됐는데요. 현장에서는 참다 못한 승객들이 불만을 터뜨렸습니다.  최승연 기자의 보도입니다. [기자]아침 출근시간 지하철 4호선 삼각지역.  휠체어를 탄 장애인단체 회원들이 줄줄이 열차에 오르고, 열차 안을 천천히 행진하며 출발을 지연시킵니다.  [현장음] ""국회 가서 하라고 국회 가서!""  열차에서 내리는가 싶더니, 다시 탑승을 시도하고, 경찰이 막아서자 몸싸움이 벌어집니다.  [현장음] ""(탑승 못하세요, 못하세요.) 비키라고요!""  일부 회원은 쇠사슬로 휠체어와 전동차 손잡이를 묶고, 철제 수갑을 자신의 손목과 열차 손잡이에 채워 출발을 막습니다.전국장애인차별철폐연대 회원 140여 명은 오늘 오전 7시 30분부터 지하철 4호선 삼각지역에서 탑승시위를 벌였습니다. 삼각지역을 기준으로 진접 방향은 최대 1시간 12분, 오이도 방향은 1시간 32분이 지연됐습니다. 참다 못한 시민들은 거세게 항의했습니다.  [현장음] ""뭐하는거야 서민들 붙잡고! 하루이틀도 아니고 뭐하는 짓거리들이에요 정말!""  [고승완/ 경기 남양주시] ""30분 좀 안 되게 (기다렸어요). 무정차 통과한다든가 이런 것들이 빨리 실행돼서 지체되는 시간 좀 줄여주셨으면 좋겠어요.""  전장연이 지난해 12월부터 오늘까지 벌인 지하철 탑승 시위는 모두 47차례 입니다.  [박경석/ 전국장애인차별철폐연대 대표] ""예산결산위원회에 올라간 예산을 확정해주십시오.""  경찰은 어제, 탑승 시위와 관련해 입건된 전장연 활동가 28명 가운데 11명을 교통방해 등의 혐의로 검찰에 넘겼습니다.  채널A 뉴스 최승연입니다. 영상취재: 임채언 영상편집: 이혜리
		]"
2022-12-02 11:52,"전장연, 지하철 4호선 시위… 휠체어 타고 경찰에 돌진도",https://n.news.naver.com/mnews/article/021/0002544528?sid=102,"[
			2일 오전 전국장애인차별철폐연대(전장연)가 서울 지하철 4호선에서 열차 운행 지연 시위를 벌여 출근길 시민들이 큰 불편을 겪었다. 지하철보안관·경찰이 시위대가 지하철을 탑승하는 것을 막다가 물리적 충돌이 빚어지기도 했다. 휠체어를 탄 시위대가 경찰에 돌진하는 위험천만한 상황도 벌어졌다. 시민의 발인 지하철을 볼모로 한 전장연의 시위와 공권력 도전 수위가 임계점을 넘었다는 비판이 나온다.전장연 회원 70여 명은 이날 오전 7시 50분쯤 4호선 삼각지역에서 탑승 시위를 시작했다. 이들은 승강장에 도착하는 열차에 탔다가 내리는 식으로 시위를 벌였다. 이 탓에 열차가 승강장에 20분 가까이 정차하는 등 열차 운행 지연이 발생했다. 서울교통공사는 직원 100여 명을 동원해 질서 유지에 나섰지만, 좁은 역사 내에 시위대·공사 직원·경찰·시민 등이 뒤엉켜 아수라장을 방불케 했다. 그 과정에서 시위대와 지하철보안관·경찰 사이 충돌이 발생하기도 했다. 오전 9시 20분쯤 전장연 회원이 경찰을 밀어 경찰 1명과 시위대 2명이 바닥에 쓰러졌다. 시위대는 휠체어를 탄 채로 경찰에 돌진하기도 했다. 경찰은 방패를 세워 시위대를 막을 뿐, 강제 해산 조치나 현장 체포는 하지 않았다. 신모(26) 씨는 “경찰을 향해 휠체어 돌진을 하는 건 심했다”고 지적했다. 
]"
2022-12-02 7:18,철도파업·전장연 지하철 승하차 시위 철회…'출근대란' 피할 듯,https://n.news.naver.com/mnews/article/421/0006496082?sid=102,"[
""완전 정상화에는 시간 걸려""…단계적 정상화전장연도 선전전 활동만…""함께 소리쳐달라""



1일 오전 서울 종로구 지하철 5호선 광화문역에서 시민들이 발걸음을 옮기고 있다.  ⓒ News1 이승배 기자(서울=뉴스1) 조현기 기자 = 전국철도노조(철도노조) 파업과 전국장애인차별철폐연대(전장연)의 지하철 승하차 시위가 2일 철회됐다. 열차 운행이 단계적으로 정상화될 예정이어서 출근길 대란은 피할 수 있을 것으로 보인다.한국철도공사(코레일)과 철도노조에 따르면 노사는 이날 오전 4시30분쯤 코레일 서울사옥에서 임금·단체교섭을 진행해 잠정 합의안을 도출했다. 다만 일부 열차 운행에는 차질이 있을 수 있다. 열차 운행은 이날 오전 중 단계적으로 정상화가 이뤄질 전망이다. 철도는 필수유지사업장으로, 코레일은 총파업에 대비해 대체인력을 투입하고 운행률을 조정한 바 있다.코레일 관계자는 ""열차 계획이 (출근시간대) 89.6%로 짜여진 상황""이라며 ""바로 100% 운행이 되면 혼란이 있을 수 있어 완전 정상화에는 시간이 걸릴 것""이라고 설명했다.전장연도 이날 출근길 지하철 승하차 시위를 철회했다. 전장연은 전날 삼각지역에서 출발해 서울역을 거쳐 사당으로 간 뒤 다시 삼각지역으로 돌아오며 시위한다고 예고했다. 집회를 철회한 대신 전장연은 이날 오전 삼각지역 플랫폼에서 시민들에게 장애인권리예산 반영의 필요성을 알리는 선전전을 진행한다.전장연은 ""지난해 12월3일 세계장애인날을 맞이해 '출근길 지하철 탑니다'를 처음으로 진행했다""며 ""2023년에는 장애인도 시민이 될 수 있게 해달라""고 강조했다.이어 ""법적으로 국회에서 논의할 수 있는 마지막 단계에 있다""며 ""여야 원내대표가 책임지고 23년 예산안에 장애인권리예산을 책임질 수 있도록 함께 소리쳐 달라""고 시민들에게 관심을 호소했다.
		]"
2022-12-02 9:08,누구 들으라고 주택가에서 시위하나 [핫이슈],https://n.news.naver.com/mnews/article/009/0005054296?sid=110,"[




 서울 강남구 대치동 은마아파트 재건축추진위원회와 일부 소유주들이 지난 12일부터 용산구 한남동 정의선 현대자동차그룹 회장 자택 앞에서 수도권광역급행철도(GTX)-C노선 관통을 반대하는 시위를 이어가고 있다. [사진 = 독자 제공]“왜 여기 와서 이러는지 모르겠어요.” “누구 들으라고 시위를 하는 건가요.”서울 용산구 한남동 주민들이 난데없는 소음에 몸살을 앓고 있다. 광역급행철도(GTX) 노선변경을 요구하는 은마아파트 재건축 추진위원회의 정의선 현대자동차그룹 회장 자택 앞 시위 때문이다.추진위는 은마아파트 하부를 지나도록 설계된 GTX-C 노선 변경을 요구하며 시위를 벌이고 있는데, 문제는 시위 장소가 사업 주체인 국토교통부 앞도, 우선협상대상자인 현대건설 앞도 아닌 주택가라는 점이다.아파트 주민들에게 안전은 중요한 문제인 만큼 필요하다면 노선변경을 요구할 수 있고, 공법에 대해 갑론을박을 벌일 수도 있다. 하지만 아무런 이해관계가 없는 사람들이 사는 주택가에서 시위하는 것은 이해하기 힘들다. 한남동 주민들의 피해가 계속되자 현대건설은 윤영준 사장 명의의 사과문을 주민들에게 발송하기도 했다.그룹 오너의 집 앞에서 시위를 하면 오너를 자극할 수 있고, 원하는 것을 쉽게 얻을 수 있을 것으로 생각했을 것이다. 하지만 선을 넘은 시위는 오히려 역풍을 맞고 있다.은마아파트 주민들의 요구를 반영한 우회노선을 검토 중이던 현대건설은 검토를 중단하기로 했다. 대화를 거부하고 도를 넘은 시위를 하는 추진위와 더 이상 협상할 수 없다는 강수를 둔 것이다. 국토부와 서울시도 추진위가 공금을 GTX 착공 반대 집회 인원 동원에 사용한 정황을  포착하고 행정조사에 나서기로 했다. 원희룡 국토부 장관은  “수도권 교통난 해소를 위한 국가사업에 대해 막연한 불안감을 확산시키는 행동을 용납할 수 없다”며 “일방적인 선동이 계속될 시에는 국토부가 행정 및 사법적 수단까지 강구할 수 있다”고 경고했다. 이미 건설된 지하철과 철도노선 중 20개 구간이 주거지를 가로질렀는데, 일부 이익 집단의 반발로 국가사업이 흔들리는 선례를 남길 수 없다는 의지인 셈이다.추진위가 정 회장 집 앞에서 시위하는 대신 대화를 택했더라면 오히려 노선변경이라는 실익을 얻어내기 쉬웠을지도 모른다.한남동보다 시위 피해가 더 큰 곳은 대통령실 인근 삼각지, 한강로 일대 주택가다.이곳은 대로변이지만 주상복합이 밀집한 주택가다. 초등학교와 특수학교도 자리잡고 있다. 이 일대 주민들은 대통령 집무실 용산 이전과 함께 밀려온 시위대 때문에 그야말로 날벼락을 맞았다. “창문을 못 열겠다”는 건 기본이고 “주말이면 몰려드는 시위대 탓에 주말을 빼앗겼다”는 하소연도 이어지고 있다.문재인 전 대통령 사저 주변 양산 평산마을 주민들도 극우단체의 집회·시위로 고통을 겪었다.현행 집회·시위법은 외국 공관 등 특수 장소가 아니라면 신고만으로 집회나 시위가 가능하도록 하고 있어 주택가 집회를 제한할 규정이 없다. 피해는 고스란히 거주민 몫이다.1일 집시법 개정안이 국회 행정안전위원회를 통과해 대통령 집무실과 문 전 대통령 사저 주변 100m 이내 지역은 시위가 제한되겠지만, 그 밖의 다른 주택가 시위에 대한 대책은 없다.집회·시위의 자유는 헌법이 보장하는 권리지만 다른 사람들 권익을 침해해도 좋다는 의미는 아닐 것이다.정치권은 전현직 대통령 보호에만 신경을 쓸 것이 아니라, 일반 국민이 호소하는 시위 피해에도 귀를 기울여야 한다. 경찰도 소음규제 위반에 철저히 대응해야 한다.이은아 논설위원
]"
2022-12-02 11:08,'장애인권리예산 촉구'…오늘도 출근길 시위 오른 전장연,https://n.news.naver.com/mnews/article/018/0005379489?sid=102,"[
4호선 삼각지역서 2시간 출근길 시위""장애인 권리예산 통과시켜 달라""[이데일리 이용성 기자] 장애인권리예산 반영을 요구하며 1년째 지하철 승하차 시위를 벌여온 전국장애인차별연대(전장연)가 제47차 출근길 지하철 승하차 시위에 나섰다. 



전국장애인차별철폐연대(전장연) 회원들이 국제 장애인의 날을 하루 앞둔 2일 오전 서울 4호선 삼각지역에서 지하철 탑승 시위를 벌이고 있다.(사진=연합뉴스)전장연은 2일 오전 7시30분쯤 서울 지하철 4호선 삼각지역에서 승하차를 반복하며 출근길 시위를 벌였다. 전장연 활동가 150여명은 숙대입구역 방향 승강장과 신용산 방향 승강장에서 순차적으로 승하차를 반복하며 시위를 이어 갔다. 이에 따라 한동안 출근길 열차가 지연돼 시민들이 불편을 겪었다.이들은 ‘장애인도 함께 살자, 함께 살 권리’, ‘탈시설예산을 보장하라’ 등의 문구가 적힌 피켓과 구호를 외쳤다. 박경석 전장연 공동상임대표는 “이제 장애인권리예산이 법적으로 국회에서 논의할 수 있는 마지막 단계에 있다”며 “상임위에서 통과된 예산안을 여야 원내대표가 책임지고 반드시 (본회의에서) 통과시켜 달라”고 강조했다. 그러면서 “같이 출근길에 탔던 동료 11명이 불구속 기소됐다는 소식을 들었다”며 “진짜 경찰이 조사해야 할 사람은 21년째 외쳐도 법의 권리를 보장하지 않는 자들”이라고 덧붙였다.이날 전장연은 시위 과정에서 이를 제지하려는 경찰, 지하철 보안관과 몸싸움을 벌이기도 했다. 이 과정에서 고성이 오가는 등 소란이 발생했다. 다만, 부상을 입거나 체포된 사람은 없는 것으로 파악됐다.한편 경찰 등에 따르면 전장연 활동가 11명은 전날 업무 방해와 기차교통 방해, 도로교통법 위반 등 혐의로 검찰에 불구속 송치됐다. 경찰은 수사대상자 28명 중 조사가 완료된 활동가들을 송치했으며 현재까지 24명에 대한 출석조사가 이뤄졌다고 밝혔다. 나머지 수사대상자들은 조사가 마무리되는 대로 차례로 송치할 방침이다. 다만, 박 대표는 출석조사에 응하지 않아 이번 송치 대상에서 빠졌다. 경찰은 박 대표에 출석을 계속 요구할 방침이다.
]"
2022-12-02 10:06,"""장애인권리예산 통과시켜 달라""…전장연, 1년째 출근길 시위",https://n.news.naver.com/mnews/article/421/0006496366?sid=102,"[
박경석 ""장애인예산 국회 통과 마지막 단계""



2일 오전 7시반쯤 전장연은 4호선 삼각지역 숙대입구역 방향 1-1 승강장과 신용산 방향 10-4 승강장에서 순차적으로 승하차를 반복했다.  2022.12.2/뉴스1 ⓒ News1 유민주 기자(서울=뉴스1) 유민주 기자 = 1년째 장애인권리예산 반영을 요구해온 전국장애인차별연대(전장연)가 2일 제47차 출근길 지하철 승하차 시위를 진행했다. 전장연은 이날 오전 7시반쯤 4호선 삼각지역 숙대입구역 방향 1-1 승강장과 신용산 방향 10-4 승강장에서 순차적으로 승하차를 반복했다. 이들은 다른 역으로 이동없이 삼각지역 양방향 각각 첫번째와 마지막 칸에서 승하차를 반복하며 시위를 진행했다. 삼각지역 플랫폼 벽면 타일에는 '장애인도 함께 살자, 함께 살 권리', '탈시설예산을 보장하라', '수락산역 엘리베이터 설치하라' 등의 문구가 적힌 종이 12장이 붙어 있었다.박경석 전장연 공동상임대표는 시위에 앞서 기자회견을 열고 ""이제 장애인권리예산이 법적으로 국회에서 논의할 수 있는 마지막 단계에 있다""며 ""상임위에서 통과된 예산안을 여야 원내대표가 책임지고 반드시 (본회의에서) 통과시켜 달라""고 외쳤다. 이어 ""같이 출근길에 탔던 동료 11명이 불구속 기소됐다는 소식을 들었다""며 ""진짜 경찰이 조사해야 될 사람은 21년째 외쳐도 법의 권리를 보장하지 않는 자들""이라고 강조했다. 전장연은 지난해 세계 장애인의 날을 맞이해 12월2일부터 2박3일간 여의도역에서 공덕역까지 이동하는 출근길 시위를 처음으로 시작했다.
		]"
2022-12-02 16:47,"대통령실 ""예산안, 민생 최우선 두고 대승적 합의해 달라""",https://n.news.naver.com/mnews/article/421/0006497545?sid=100,"[
北, 10월 尹정부에 접촉 제안 보도엔 ""사실무근""



윤석열 대통령이 2일 오후 서울 중구 주한중국대사관에 마련된 고(故) 장쩌민 전 중국 국가주석의 분향소를 찾아 조문을 마친 뒤 싱하이밍 대사와 퇴장하고 있다. (대통령실 제공) 2022.12.2/뉴스1 ⓒ News1 안은나 기자(서울=뉴스1) 윤수희 나연준 기자 = 대통령실은 국회가 2일 예산안 법정 처리 시한을 넘긴 것에 대해 ""여야가 정쟁 아닌 민생을 최우선에 두고 대승적 합의를 하길 바란다""고 당부했다. 대통령실 고위 관계자는 이날 오후 용산 대통령실에서 기자들과 만나 ""민생이 어렵다. 파업, 집단 운송 거부 등 벅찰 정도로 경제가 녹록지 않다""며 이같이 말했다. 이 관계자는 더불어민주당이 KBS·MBC·EBS 등 공영방송 지배구조를 바꾸는 내용의 '방송법 개정안'을 단독 처리하고 '노란봉투법' 등 법안을 단독 처리할 수 있다는 지적에 ""여야가 진행 중인 사안을 대통령실에서 언급하는 것은 적절하지 않다""며 ""국회 논의와 여야 협의 과정을 지켜보겠다""고 답했다.또 '성탄절 특별사면 검토에 들어간 대통령실이 주안점을 두는 것은 무엇이나'라는 질문에는 ""국민통합에 대한 중요성은 여러 번 강조해도 부족함이 없다""면서도 ""특별한 사면 정보를 말할 위치는 아니다""라고 말을 아꼈다.이 관계자는 북한이 지난 10월 윤석열 정부에 막후 접촉을 제안했다는 일부 보도에 대해 ""아는 바 없다. 보도된 내용은 사실무근임을 대통령실 차원에서 전했다""고 일축했다. 아울러 전국장애인차별철폐연합의 지하철 시위가 지속되는 것에 대한 대통령실 입장을 묻자 ""장애인 이동권에 대해 윤 대통령은 후보 시절, 대통령이 된 이후에도 지속적인 관심과 정책적 지원의 의지를 전했다""며 ""먼저 산적한 문제를 해결한 이후 논의하도록 하겠다""고 답했다.
		]"
2022-12-02 8:54,전장연 '장애인 권리 보장하라',https://n.news.naver.com/mnews/article/001/0013618195?sid=102,"[




    (서울=연합뉴스) 서대연 기자 = 전국장애인차별철폐연대(전장연) 회원들이 국제 장애인의 날을 하루 앞둔 2일 오전 서울 4호선 삼각지역에서 지하철 탑승 시위 시작 전 구호를 외치고 있다. 2022.12.2    dwise@yna.co.kr
]"
2022-12-02 17:43,철도노조도 일터로 … 동력잃는 화물연대 파업 1800명 이탈,https://n.news.naver.com/mnews/article/009/0005054685?sid=102,"[
			민주노총 파업



철도 정상운행합니다 전국철도노동조합이 노사 합의로 2일 예고했던 파업을 전격 철회하면서 철도 운행이 정상화됐다. 이날 오후 서울역 전광판에 열차 지연이 모두 '0분'으로 표시돼 있다. &lt;이승환 기자&gt;서울지하철노조에 이어 철도노조가 파업에 돌입하기 직전인 2일 오전 4시 30분에 극적으로 협상을 타결하면서 화물연대를 중심으로 한 공공운수노조 총파업 기세가 다소 꺾이는 모양새다. 지난달 29일 정부의 업무개시명령 발동 이후 화물연대 파업에 참여하는 인원이 줄고 있다. 컨테이너 반출입량과 시멘트 출하량 증가세도 뚜렷하게 나타나고 있다.2일 중앙재난안전대책본부에 따르면 정부가 업무개시명령을 발동한 후 시멘트 출하량은 이전보다 4배가량 늘어났다. 지난 1일 오후 9시 기준으로 시멘트 출하량은 8만2000t을 기록했는데, 이는 전날인 지난달 30일 대비 82% 증가한 수치다. 물류 분야에서는 일일 컨테이너 반출입량이 평시 대비 57% 수준, 부산항의 경우 70% 선으로 회복됐다. 중대본이 가동된 지난달 28일 오후 9시 기준 반출입량이 평시 대비 33%였던 것에 비해 회복세를 보이고 있다. 파업 참여 인원 자체도 1일 오후 기준 6400명으로 화물연대 전체 조합원 2만2000명의 29% 수준까지 떨어졌다. 지난달 28일 오후 8시 기준 중대본 보고서에는 파업 참여 인원이 8200명이라고 적혀 있다. 1800명가량이 파업 현장에서 이탈했다는 뜻이다.도시철도와 고속철도 모두 파업을 접으면서 일상생활에서 국민들이 느끼는 불편이 줄어든 것도 파업 기세를 누그러뜨리는 데 영향을 줬다는 평가다. 한국철도공사(코레일) 노사는 총파업 돌입 90분 전인 2일 오전 4시 30분에 극적 합의를 이뤘다. 전국장애인차별철폐 연대의 지하철 시위가 재개된 상황에서 서울도시철도 1·3·4호선 일부 구간을 운영하는 코레일이 파업에 들어갈 경우 심각한 운행 지연이 예상됐으나, 최악의 상황은 피하게 됐다.



철도 노사의 잠정 합의에는 파업을 강행하면 수도권 전철의 감축 운행과 극심한 열차 내 혼잡이 불가피하고, 이에 따라 여론이 악화할 것이라는 노조 측 우려가 작용한 것으로 보인다. 김선욱 철도노조 정책실장은 이날 ""파업은 철회됐고 열차는 정상 운행할 것""이라며 ""오늘 나온 임단협 잠정 합의안은 조합원 인준 투표를 거쳐서 최종적으로 타결이 결정될 것""이라고 말했다.서울교통공사 노조가 지난달 30일 파업을 철회한 것도 철도노조 협상 타결에 영향을 미쳤다는 분석이다. 서울교통공사 노사는 파업 하루 만인 1일 협상을 재개해 자정께 최종 합의에 도달했다. 조속히 노사가 합의서에 도장을 찍은 데에는 퇴근길 대란에 대한 부담감이 작용했을 것이라는 분석이 나온다. 공사 관계자는 ""시민들의 불편이 가중되는 상황에서 노사 모두 조속히 매듭지어야 한다는 공감대가 형성돼 있었다""고 협상장 분위기를 전했다.파업 참여 인원이 줄어들고 경제적 타격이 회복세를 보이고는 있지만, 아직 안심할 단계는 아니다. 화물연대 파업이 9일 차에 접어들면서 건설 현장을 중심으로 피해가 속출하고 있다. 성당을 가리는 건축물을 철거하고 일대에 공원·시민광장을 조성하는 답동성당 관광자원화 사업이 진행 중인 인천 중구에는 시멘트 운반기사 파업으로 오는 7일까지 들어오기로 한 레미콘 수급이 어려워졌다. 이상민 행정안전부 장관은 이날 중대본 회의에서 ""전국 1219개 건설 현장 중 60%에 달하는 727개 현장에서 콘크리트 타설 중단으로 인한 공사 중지가 발생했다""고 밝혔다. 화물연대 조합원이 비조합원의 운행을 방해하는 행위도 계속되고 있다. 울산에서 화물차량 운행을 방해한 민주노총 화물연대 조합원 1명이 경찰에 연행돼 조사를 받고 있다. 울산 울주경찰서는 이날 오전 8시 50분께 한 시멘트 업체 앞에서 출입 화물차량을 10여 분간 막아 운행을 방해한 혐의를 받는 화물연대 조합원 A씨를 체포해 조사 중이라고 밝혔다.국토교통부와 화물연대의 교섭도 지지부진한 상황이다. 양측은 지난달 28일과 30일 두 차례 걸쳐 협상에 나섰지만, 합의점을 찾지 못했을뿐더러 3차 협상은 일정조차 잡지 못한 상태다. 지난 6월 화물연대 총파업 당시 파업 기간인 8일 동안 국토부와 협상이 다섯 차례 이뤄진 것에 비해 협상 속도가 느리다.이 가운데 민주노총이 3일 서울과 부산에서 전국노동자대회, 6일에는 전국 동시 총파업을 예고하고 있는 만큼 화물연대와의 연대 파업이 벌크시멘트트레일러(BCT) 회복세를 꺾어놓을 수 있다는 우려가 나온다.한편 공정거래위원회는 국토부와 별개로 이날 화물연대본부와 부산지역본부에 대해 부당 공동행위(담합) 현장 조사를 시도했다. 공정위는 서울 강서구 화물연대본부에 17명, 부산 남구 부산본부에 6명의 조사관을 투입해 현장 조사에 들어갔다. 화물연대가 파업에 참가하지 않은 화물차주의 운송을 방해하거나 운수사·화주(기업)에 운송 거부를 강요하는 행위를 위법한 담합으로 볼 수 있는지 확인하기 위해서다. 하지만 화물연대가 공정위의 현장 진입을 막아서면서 조사는 제대로 이뤄지지 못했다. 공정위는 ""화물연대가 조직적으로 조사를 방해했다""며 ""이르면 5일 조사를 재개할 방침""이라고 밝혔다.
]"
2022-12-02 13:01,도 넘은 집회에 툭하면 묶이는 '시민의 발',https://n.news.naver.com/mnews/article/629/0000188035?sid=101,"[
지하철 노조 파업 이어 전장연 시위 바통은마 재건축추진위 강경 시위 몸살전문가들 ""집회 자유, 기본권 침해되지 않아야""



지하철 노조 파업 여파가 사라지기도 전에 전장연 시위까지 이어지면서 출퇴근 시간대 시민들의 불편이 커지고 있다. 지난달 30일 오전 서울역 지하철 1호선 승강장이 출근길 시민들로 붐비는 모습. /각 분야를 막론하고 곳곳에서 연이어 발생하는 집회와 시위에 시민들의 발이 단단히 묶였다. 여기에 일부 지역에서는 도를 넘는 무분별한 시위에 사고 발생 위험까지 커지고 있어 우려의 목소리가 커지고 있다.2일 주택·정비 업계에 따르면 은마아파트 재건축추진위원회(이하 추진위)는 지난달 12일부터 서울 용산구 한남동 정의선 현대자동차그룹 회장의 자택 앞에서 수도권광역급행철도(GTX)-C 노선 우회안 수용을 요구하는 시위를 벌이고 있다.경기도 수원과 양주를 연결하는 GTX-C 노선은 삼성역~양재역 구간에서 은마아파트 하부를 지나는 형태로 계획, 국토교통부(국토부)의 사업 발주 이후 현대건설 컨소시엄이 2021년 6월 우선협상대상자로 선정됐다.그러나 추진위는 ""안전에 문제가 있을 수 있다""며 우회안 수용을 촉구하고 있다. 추진위의 반대 목소리가 커지면서 국토부와 건설 전문가들, 시공사가 나서 대화에 나섰지만, 견해차는 좁혀지지 않았다.국책사업에 제동이 걸린 가운데 추진위 시위에 따른 일반 주민들의 피해도 덩달아 커지고 있다. GTX-C 노선 사업 협의 주체는 국토부와 현대건설이지만, 추진위는 연일 정 회장 자택 앞에서 2주 넘게 시위를 벌이고 있다. 특히, 시위 형태와 방식이 도마에 올랐다.



은마아파트 재건축추진위원회는 지난달 12일부터 2주가 넘도록 서울 용산구 한남동 정의선 현대자동차그룹 회장의 자택 앞에서 GTX-C 노선 우회안 수용을 요구하는 시위를 벌이고 있다. 이 시위로 피해를 호소하는 주택가 주민들의 불만이 커지고 있다. /이동률 기자한남동 자택 인근 주민들에 따르면 약 370여 명에 달하는 시위 참여자들이 평일과 주말 구분 없이 과격한 글귀가 담긴 피켓과 더불어 구호를 외치고 있다. 연일 이어지는 비방팻말과 소음, 주차 문제 등 주택가 주민들의 피해가 커지자 현대건설은 윤영준 사장 명의의 사과문까지 만들어 배포했다. 잡음이 이어지자 국토부는 서울시, 강남구청, 외부전문가(변호사·회계사), 한국부동산원과 추진위 운영의 적정성을 감독하기 위해 7일부터 16일까지 합동 행정조사를 시행하기로 했다.과격한 시위가 시민들의 불편으로 이어진 사례는 또 있다.이날 출근 시간대인 오전 7시 40분께 지하철 4호선 삼각지역에서 전국장애인철폐연대(전장연)가 장애인 권리 예산 보장을 요구하는 시위에 나섰다.이들이 삼각지역에서 열차 탑승과 하차를 반복하는 방식으로 시위를 벌이면서 열차 운행은 한동안 지연됐고, 그 피해는 고스란히 승객들의 몫으로 돌아갔다.특히, 시위를 제지하는 과정에서 전장연 회원들과 경찰 간 몸싸움까지 벌어져 자칫 인명 피해로 이어질 수 있는 상황이 발생하기도 했다. 이날 오전 삼각지역에 배치된 경력 규모만 250명에 달했다.



전장연 조합원들이 1일 오전 서울 용산구 삼각지역 4호선에서 장애인 권리예산 확보를 위한 지하철 출근길 선전전을 하는 모습. /뉴시스전장연은 전날(1일)에도 지하철 5호선 여의도역에서 기습적으로 승하차 집회를 벌여 퇴근길 혼잡을 야기했다. 하루 전에는 서울교통공사 노조의 총파업으로 퇴근 시간대 2호선 강남역, 역삼역은 물론 3호선 고속터미널역 등 주요 노선 운행에 차질이 생겨 시민들의 큰 불편을 겪었다.이뿐만이 아니다. 서울 강남 삼성 서초사옥 앞에는 시위대가 평일과 주말을 가리지 않고 내뱉는 욕설과 장송곡이 사옥 1층에 있는 어린이집까지 울려 퍼지고 있다. 2년 전에는 한 시민단체가 이재용 삼성전자 회장 자택 앞에서 '폭식 투쟁'이라며 삼겹살을 굽고 술판을 벌이기도 했다.지난해 집회 소음 관련 112 민원건수는 2만2854건으로, 일평균 62건을 상회했다. 피해 지역도 도심과 주거 지역을 가리지 않았다. 실제로 지난해 11월 인천 영종 하늘도시 내 한 아파트 신축 건설 현장에서는 자신들의 인력과 장비를 사용하라는 건설노조 측이 오전 6시부터 확성기와 음향기기를 동원한 집회를 벌였고, 인근 시민들이 극심한 스트레스와 자녀 육아·교육에 대한 악영향을 호소하며 서명운동을 벌이기도 했다.상황이 이렇다 보니 각계에선 집회와 시위가 타인의 기본권이나 중대한 공익을 침해하지 않도록 공권력이 미치는 범위를 확장하는 등 집회 및 시위에 관한 법률(집시법) 개정을 촉구하는 목소리도 나온다.한 주택업계 관계자는 ""집회와 시위의 자유를 보장하는 것도 물론 중요한 일""이라면서 ""그러나 매일 회사를 출퇴근 하는 사람들, 집에서 가족들과 일상을 보내는 평범한 시민들이 제대로 된 삶을 누릴 기본권을 침해 받아서는 안 된다. 상호 균형을 찾을 수 있도록 각 분야에서 노력이 필요하다고 생각한다""고 말했다.발로 뛰는 더팩트는 24시간 여러분의 제보를 기다립니다.▶카카오톡: '더팩트제보' 검색▶이메일: jebo@tf.co.kr▶뉴스 홈페이지: http://talk.tf.co.kr/bbs/report/write
]"
2022-12-02 17:39,몸도 마음도 추운데... 저 송아지는 따뜻해서 좋겠네 [사진으로 보는 일주일],https://n.news.naver.com/mnews/article/047/0002374880?sid=102,"[
[사진으로 보는 일주일] 221128~221202 오마이뉴스가 정리한 한주의 사진살을 에는 듯한 강추위가 들이닥친 한 주. 몸만 아니라 마음도 추운 일주일이었습니다. 화물연대 파업에 윤석열 정부가 초유의 업무개시명령을 내리자 노동자들은 '반헌법적 폭거'인 명령을 철회하라고 요구하며 계속 싸우고 있습니다.서울교통공사 노동조합은 파업 하루 만에 회사 측과 협상을 타결했고, 철도노조는 파업을 앞두고 노사협상을 타결짓고 파업을 철회했습니다. 비록 파업이 하루에 그치거나 파업 전에 철회했지만 노동자들은 안전한 노동과 경제위기 속 생활 보장을 요구하는 싸움을 계속 이어 나가리라 예고했습니다. 이런 가운데 전국장애인차별철폐연대 회원들은 이동권 보장을 요구하며 다시 지하철 탑승 투쟁에 나섰습니다. 매서운 겨울 추위 속에 '함께 살자'는 노동자와 장애인들의 투쟁으로 달아오른 지난 한 주 '사진으로 보는 일주일' 시작합니다. [221128 월요일]         



     ▲  [28일 월] 대한변호사협회 이종협 협회장과 회원들이 서울 용산구 한 호텔에서 10.29 이태원참사 대책특별위원회 출범 기자회견을 열고 있다. 특별위원회는 피해자들에게 무료 변론을 지원하는 등 다양한 지원 대책을 마련하는 한편 외교부와 연결해 외국인 피해 유족들의 법률 지원도 모색하겠다고 밝혔다.            ⓒ 이희훈              



     ▲  [28일 월] 화물연대 파업 여파로 서울 한 주유소 가격 게시판에 휘발유 품절 문구가 부착되어 있다. 4대 정유사(SK, GS칼텍스, 에쓰오일, 현대오일뱅크) 차량 중 70~80%가 화물연대 조합원이어서 재고가 떨어진 주유소의 휘발유와 경유 공급에 일부 차질이 빚어질 것으로 예상된다.            ⓒ 연합뉴스              



     ▲  [28일 월] 2022 카타르 월드컵 조별리그 H조 2차전 대한민국과 가나의 경기에서 조규성이 동점골을 넣은 뒤 환호하고 있다. 한국은 두 골까지 따라잡았으나 가나에 한 골을 더 허용 2-3으로 패해 16강 진출 가능성이 낮아졌다.            ⓒ 연합뉴스   [221129 화요일]         



     ▲  [29일 화] ‘화물연대 집단운송거부 관련 관계부처 합동브리핑’이 정부서울청사에서 열린 가운데 원희룡 국토교통부 장관이 ""현시점부터 운송 거부자에 대해 업무개시명령이 집행될 예정""이라고 밝히고 있다. 이날 윤석열 대통령 주재 국무회의에서 화물연대에 대한 업무개시명령을 심의·의결했고 화물연대는 '반헌법적'인 조치라며 반발했다.            ⓒ 권우성              



     ▲  [29일 화] 서울 시내 한 은행에 정기예금 금리가 4.60%라는 안내문이 걸려있다. 한국은행이 지난 10월 기준금리 0.50%포인트 인상에 이어 이달 0.25%포인트 인상을 단행했지만 금융당국이 은행권에 수신금리 경쟁 자제를 당부하면서 주요 시중은행에서 연 5%대 예금 금리 상품이 다시 사라지고 있다.             ⓒ 연합뉴스              



     ▲  [29일 화] 미쓰비시 중공업 강제동원 피해자인 양금덕 할머니와 일제강제동원시민모임, 한일역사정의평화행동 회원들이 서울 서초구 대법원에서 기자회견을 하고 있다. 이들은 한일 양국 정부가 일본의 전범기업을 빼고 피해 보상책을 협의중인 것으로 알려진 가운데 대법원의 조속한 손해배상금 지급 확정 판결을 촉구하는 의견서를 법원에 제출했다.            ⓒ 유성호   [221130 수요일]         



     ▲  [30일 수] 화물연대 시멘트 화물노동자 기자회견이 인천광역시 중구 인천한라시멘트앞에서 열렸다. 정부의 업무개시명령 대상자인 시멘트 운송 화물노동자들은 ‘반헌법적 업무개시명령 거부한다‘며 '안전운임제가 없다면 장시간 고강도 노동에 목숨을 내놓고 도로를 달려야하는 노예의 삶으로 돌아가야 한다‘라면서 조건없는 안전운임제 실시를 촉구했다.            ⓒ 권우성              



     ▲  [30일 수] 서울 지하철을 운영하는 서울교통공사 노동조합이 파업에 들어간 가운데 경기도 수원시 지하철 1호선 수원역 전광판에 관련 안내문이 떠있다. 서울교통공사와 양대 노동조합(민주노총 소속 서울교통공사노조와 한국노총 소속 통합노조)으로 구성된 연합교섭단이 1일 임금·단체협약에 합의하면서 파업은 종료됐다.             ⓒ 연합뉴스                



     ▲  [30일 수] 한파주의보가 발효중인 경남 함양군 휴전면 한우농장에서 갓 태어난 송아지가 방한복을 입고 있다. 이날 아침 최저기온은 서울 -7도, 대전 -5도, 광주 -1도, 춘천-9도, 청주 -5도, 대구 -3도 등 대부분이 영하권으로 떨어졌다.            ⓒ 함양군청 김용만     [221201 목요일]         



     ▲  [1일 목] 화물연대본부, 철도노조 등의 조합원들이 대통령실로 향하자 경찰들이 삼각지 대구탕 골목에 바리케이드를 설치해 대비하고 있다. 조합원들은 용산구 대통령실 부근에서 열린 ‘국가책임 강화, 국민안전 실현, 당신의 안전과 모두의 삶을 지키는 민주노총 공공운수노조 대정부 공동파업-총력투쟁대회’에 참석한 후 대통령실로 행진했다.             ⓒ 권우성            



     ▲  [1일 목] 10.29 이태원 참사 희생자 배우 고 이지한씨의 아버지 이종철씨가 서울 여의도 국회를 방문해 국정조사특별위원장 등과 면담 도중 무릎을 꿇고 호소하고 있다. 이씨는 ""우리 지한이, 억울하게 죽은 우리 아들, 진실을 밝혀주십시오. 제발 부탁드립니다. 이건 공정과 상식이 아닙니다""라며 오열했다.            ⓒ 남소연            



     ▲  [1일 목] 서울 시내에서 밤 늦은 시각 택시가 지나가고 있다. 택시요금 심야할증 조정이 시행된 이날 중형택시는 오후 10시부터 다음날 새벽 4시까지 할증요금이 부과되고, 승객이 많은 오후 11시부터 오전 2시 사이에는 기본 할증률(20%)의 2배인 40% 할증이 적용된다.             ⓒ 연합뉴스    [221202 금요일]         



     ▲  [2일 금] 제주 한라산 1100고지에 눈꽃이 만발한 가운데 등산객들이 나무 사이 눈길을 걷고 있다. 제주지방기상청에 따르면 30일 북서쪽에서 남하하는 찬 공기로 기온이 큰 폭으로 떨어져 오후 3시 49분께 싸락눈이 내렸고 이는 올겨울 제주도 해안 첫눈으로 기록됐다.            ⓒ 연합뉴스            



     ▲  [2일 금] 전국장애인차별철폐연대(전장연) 회원들이 국제 장애인의 날을 하루 앞두고 서울 4호선 삼각지역에서 지하철 탑승 시위를 벌이고 있다. 이날 오전 7시30분께부터 4호선 삼각지역 양방향 승강장에서 시위를 벌인 이들은 내년도 예산안에 장애인 권리 예산을 확대 편성할 것을 요구했다.            ⓒ 연합뉴스               



     ▲  [2일 금] 전국에서 처음으로 제주도 내 일부 프랜차이즈 매장을 대상으로 일회용컵 보증금 제도가 실시된 가운데 제주시 연동의 한 프랜차이즈 카페에 보증금 제도를 보이콧한다는 현수막이 걸려 있다. 일회용컵 보증금제는 소비자가 일회용컵으로 음료를 구매할 때 자원순환보증금 300원을 포함해 구매하고 다 마신 컵을 반납하면 보증금을 돌려받는 제도다.            ⓒ 연합뉴스   
]"
2022-12-02 21:14,"정의당 ""장애인 권리, 보편적 보장 위해 '장애인권리보장법' 제정""",https://n.news.naver.com/mnews/article/310/0000102041?sid=100,"[
12월 3일은 '세계 장애인의 날'



(왼쪽부터) 한석호 비대위원, 이은주 정의당 비상대책위원장, 김희서 비대위원. ⓒ뉴시스·여성신문정의당은 오는 12월 3일 '세계 장애인의 날'을 맞아 장애인권리보장법 제정을 약속했다.위선희 정의당 대변인은 2일 국회 소통관 기자회견장에서 ""대한민국이 장애인의 권리가 보편적으로 보장받는 국가로 나아가는 길에 정의당도 함께 하겠다""며 이같이 밝혔다.위 대변인은 ""현재 한국에서는 장애인의 이동권 보장과 권리 예산 보장을 요구하는 장애인 지하철 탑승 시위가 일 년째 이어지고 있다""며 ""발달장애인과 그 가족의 사망 소식이 유독 잦았던 올 한해였다. 해가 바뀌어도 이어지는 참담한 소식에 누구보다 앞장서 해결했어야 할 정당으로서의 무한한 책임을 느낀다""고 말했다.그러면서 ""전국탈시설장애인연대는 정부에 'UN 탈시설 가이드라인'을 이행하라고 촉구했다""며 ""올해 정부는 매년 740여명씩 2041년까지 탈시설을 마무리 짓겠다 밝혔지만, 이를 뒷받침할 지역사회의 예산을 2023년도 정부 예산안에서 찾아보기가 힘들다. 예산 없이 말뿐인 약속을 정부가 지킬 것이라 어떻게 믿을 수 있겠습니까""라고 지적했다.또 ""이동권을 위한 저상버스와 휠체어 리프트 고속버스 도입을 장애인은 요구하지만, 정부는 예산 부족을 핑계 대고 있다""며 ""이동권은 노동권이자 생명권이며 곧 교육권이다. 장애인의 권리 투쟁에 첫발 한 번 떼기가 참 힘들다. 우리 정치가 바라보는 우선순위에 장애인의 권리는 모두 뒷전이었음을 증명할 뿐""이라고 비판했다.위 대변인은 ""대한민국이 장애인의 권리가 보편적으로 보장받는 국가로 나아가는 길에 정의당도 함께 하겠다""며 ""지역사회에서 비장애인과 장애인이 함께 살아갈 탈시설지원법, 누구도 배제되지 않는 교육을 위한 특수교육법, 중증장애인 평생교육 권리를 보장할 평생교육법, 그리고 무엇보다 이 모든 법안의 기본이 되어야 할 장애인권리보장법이 제정되는 데 최선을 다하겠다""고 강조했다.12월 3일은 장애인의 기본적인 권리를 보장하고자 UN이 제정한 세계 장애인의 날이다.
]"
2022-12-02 16:52,"“이득만 내것, 피해는 네것”…‘민폐 소수’에 GTX 국책사업도 시름시름",https://n.news.naver.com/mnews/article/009/0005054581?sid=102,"[
“목소리 크면 무조건 이긴다” 판단님비와 핌피로 홍역 앓는 국책사업



 지난해 서울 강남구민회관에서 열린 수도권광역급행철도(GTX) 건설사업 C노선 전략환경영향평가서(초안) 공청회에서 은마아파트 주민들이 반대 시위를 하고 있다. [사진출처 = 연합뉴스]목소리를 크게 내지르는 이기적인 소수 때문에 다수가 피해를 보는 일이 종종 발생하고 있다.이번엔 서울과 경기도 주요 지점을 연결하는 초대형 국책사업인 수도권광역급행철도(GTX) 사업이 소수의 지역 이기주의 타깃이 됐다.GTX 노선을 둘러싸고 일부 지역 주민들이 “절대 내 집 아래는 통과 못한다”며 건설을 방해하고 있다. 전형적인 님비(NIMBY, Not In My Backyard)다.반대로 다른 지역에서는 “반드시 내 집 앞에 정차해야 한다”며 결사 투장을 외치고 있다. 님비와 다른 것같지만 결국 ‘이기적’ 측면에서는 피장파장인 핌피(PIMFY, Please In My Frontyard)다.신규 역 설립을 놓고 인근 역 주민들이 반대하는가 하면, 자신들의 뜻을 관철하기 위해 직접 관련이 없는 곳에서 시위를 하는 사례도 벌어지고 있다.문제는 소수 이기주의 때문에 다수가 피해를 보는 것은 물론 막대한 경제적·사회적 손실이 발생한다는 점이다.소수 의견을 다수 의견으로 포장



 서울 강남구 대치동 은마아파트 재건축추진위원회와 일부 소유주들이 지난 12일부터 용산구 한남동 정의선 현대자동차그룹 회장 자택 앞에서 수도권광역급행철도(GTX)-C노선 관통을 반대하는 시위를 이어가고 있다. [사진 = 독자 제공]현재 하루 이용객 100만명을 예상하는 GTX 사업은 소수의 의견을 다수의 뜻으로 포장한 지역 이기주의에 휩쓸려 표류할 위기에 처했다.내년 2분기에 착공해 2028년 1분기 개통 예정인 GTX-C 노선이 대표적이다. 은마아파트 일부 주민들의 근거없는 우회안 요구로 지연 위기에 봉착했다.은마아파트는 1979년 준공된 4424가구 규모의 대단지로 2003년 재건축 추진위원회를 구성해 재건축 사업을 추진 중이다.은마아파트 재건축 추진위원회 일부 주민들은 국책사업으로 추진 중인 GTX-C 노선의 수정을 요구하고 있다.경기도 양주와 수원을 연결하는 GTX-C 노선은 지난해 현대건설 컨소시엄이 우선협상대상자로 선정됐다. 착공 예정 시점은 내년이다.삼성역에서 양재역으로 이어지는 구간은 은마아파트 지하 약 60m 깊이를 관통하는 것으로 설계됐다.재건축 추진위원회를 중심으로 일부 주민들은 “입주한 지 40년 넘은 낡은 아파트 지하에서 철도 공사를 하면 최악의 경우 건물 붕괴 등 대형 사고가 날 수 있다”고 주장한다.현대건설은 기본적으로 GTX 공사가 지하 깊은 곳에서 이뤄지고 비발파식 공법을 도입하기 때문에 안전 문제는 없다는 입장이다.은마아파트 주민들 요청에 매봉산을 통과하는 우회안을 검토하기도 했지만, 이 노선 역시 인근 다른 아파트 단지 밑을 지나게 돼 결국 채택하지 않기로 했다.게다가 기존 GTX 시공 현장들에서도 주거지를 통과하는 사례들이 많은데, 은마아파트만 유독 우회안을 요구하고 있다는 지적도 나온다.국토부에 따르면 GTX-A와 지하철 공사 과정에서 20개 구간이 주거지를 통과했다. 이미 철도가 지나는 구간에 재건축 사업이 이뤄진 곳도 12곳에 달한다.건축토목 전문가들도 이에 대해 전형적인 님비 사례라고 비판한다.정부도 “일부 반대를 이유로 국가사업을 변경하는 선례를 남길 수 없다”며 GTX 우회 요구에 강경한 입장이다.눈살을 찌푸리게 하는 재건축추진위 일부 주민들의 시위에 또 다른 주민협의체가 부정적 입장을 나타내는 등 은마아파트 내부에서도 자제 의견이 고개를 들고 있는 것으로 알려졌다.은마아파트 재건축추진위 일부 주민들이 11월 초 아파트 외벽에 내걸었던 ‘이태원 참사사고 은마에서 또 터진다’는 문구의 현수막은 내부 주민들조차 ‘도를 넘었다’며 비판했다. 결국 두 시간 만에 철거되기도 했다.남의 동네 주민들은 무슨 죄?



 원희룡 국토교통부 장관이 23일 서울 강남구 강남구민회관에서 열린 수도권광역급행철도 GTX-C 은마아파트 간담회에 참석해 은마아파트 주민대표들에게 GTX-C 공법의 안전성을 설명하고 있다. [사진제공=국토교통부]일부 주민들은 자신들의 주장을 관철하기 위해 다른 곳에 사는 주민들에게 막대한 피해를 일으키는 과격한 행동도 일삼았다.GTX-C 사업의 담당 주무부처인 국토교통부와 해당 사업의 우선협상대상자인 현대건설이 아닌 오너인 기업인의 한남동 집 앞에서 2주 넘게 시위를 벌이고 있다.사업과 관련이 없는 일반 시민들의 불편을 볼모로 삼은 무리한 시위라는 비판이 나오는 이유다.최대 370여명에 달하는 시위 참여자들이 주거지역에서 과격한 표현이 담긴 피켓은 들고 확성기를 이용해 구호를 외쳤다.인근 시민들은 주거안정과 사생활을 방해받고 있다. 시민들은 매일 접하는 거친 비방글과 시위 소리로 스트레스가 극심하고 자녀 교육에도 악영향을 낳고 있다고 하소연한다.은마아파트 일부 주민들은 사업 주체가 아닌 기업 총수가 사는 주거지역에서 다소 과격한 표현이 담긴 손 팻말을 들고 확성기를 이용해 구호를 외쳤다.한남동 주민 A씨는 매경닷컴 기자에 “은마아파트 소유주들이 불만을 가지는 것이 어느 정도 이해가 가지만 방식이 문제”라며 “아이들이 학교도 가고 학원도 다니는데 행여 다칠까 봐 걱정된다”고 우려했다.한남동 주민 불만이 폭증하자 윤영준 현대건설 사장이 집회지역 주민들에게 불편 해소를 위해 노력하겠다며 사과문을 전달했을 정도다.은마아파트 일부 주민들의 막무가내식 요구로 인해 노선안 확정이 미뤄지면서 설계 등 착공을 위한 제반절차도 여의치 않아 내년 착공도 불투명해지고 있다.은마아파트 일부 주민들의 요구 대로 사업이 수정될 경우 추가로 막대한 비용이 발생해 상당 부분을 이용자들이 부담하게 된다.원희룡 국토교통부 장관도 GTX-C 사업노선 주민의견 수렴을 위한 간담회에서 “GTX-C 관련 모든 안전 문제에 대해 국토부가 책임을 지겠다”며 “특히 은마아파트 구간의 공법은 기존 GTX-A, 한강 터널 등 도심 한가운데를 이미 지나가며 안전성이 검증된 공법”이라고 강조했다.원 장관은 아울러 “일방적인 선동이 계속된다면 국토부가 행정조사 및 사법적 수단까지 강구할 수 있다”고 경고했다.GTX, 지역 이기주의로 홍역 앓아



 확성기 자료 사진 [사진출처=게티이미지뱅크]GTX-C 노선과 관련 왕십리역 신설을 두고 인근 역인 청량리역 주민들과 왕십리역 주민들이 갈등을 빚은 사례도 있다.청량리역 등 기존 10개역 이외에 왕십리역과 인덕원역이 추가 신설역으로 유력하게 검토되자 청량리역 주민들이 ‘원안사수’를 외치며 반대하고 나섰다.정차역이 늘어날수록 ‘완행열차’ 수준이 되고 개통이 지연될 것이라는 논리다. 하지만 이면에는 GTX가 영향을 주는 집값 때문이라는 분석이 나오고 있다.2018년 건설에 착수한 GTX-A도 지역 이기주의로 큰 홍역을 치렀다. 서울 청담동 주민들의 강한 반발이 강남구의 굴착허가 거부로 이어지면서 공사가 1년여 동안 사실상 중단됐다. 파주 운정과 동탄을 연결하는 GTX-A 전체 6개 공구 중 청담동이 속한 지역만 공사를 진행하지 못했다.청담동 주민들은 대심도 터널을 뚫을 경우 지반 침하와 건물 균열 등으로 인해 거주지의 안전에 심각한 문제가 생긴다고 주장하며 노선 변경을 요구했다. 그러자 강남구청이 굴착을 허가하지 않았다.노선을 변경할 경우 지질조사와 설계부터 다시 시작해야 해 2023년 완공목표를 지키기 어려우며 2000억원 이상 공사비가 추가 소요되는 상황이었다.상황이 심각해지자 시공사인 SG레일은 강남구청을 상대로 서울시 행정심판위원회에 행정심판을 청구했다.강남구청의 부당한 굴착허가 거부로 인해 피해를 보고 있으니 이를 해소해 달라는 내용이었다. 2020년 5월 서울시 행정심판위원회가 시공사의 손을 들어주며 겨우 공사를 시작할 수 있었다.GTX-A 노선은 이같은 일부 지역의 이기적 요구와 유적 발견 등으로 공사가 지연되면서 2023년이던 완공 시점이 2024년 6월로 늦춰졌다.GTX-B 노선은 사업자 선정 입찰에서 계속 유찰되며 사업 진행에 어려움을 걷고 있다. GTX-B는 인천 송도국제도시에서 경기도 남양주시 마석역까지 이어지는 노선으로 2024년 상반기에 전 구간을 동시 착공할 계획이다.지난 11월 1일 열린 민자사업 구간 입찰에 대우건설 컨소시엄만 단독응찰하면서 유찰되는 상황이 발생했다. 정부 재정이 투입되는 재정구간도 3차례 연속 입찰 참여 업체 수 미달로 유찰됐다.GTX-B 노선은 당초 한국개발연구원(KDI)가 진행한 민자적격성 검토에서 두 차례 모두 부적격 판정을 받았다. 수요 부족 등으로 전 구간을 민자사업으로 진행해서는 사업성이 나오기 어렵다는 판단 때문이다.이로써 정부재정이 투입되는 재정구간과 민간이 참여하는 민자사업구간으로 나뉘어 진행되고 있다.사업성이 불투명한 상황에서도 역 위치를 놓고 남양주시 및 인천시의 역 신설 및 이전 요구에 어려움을 겪었다. 구리시는 여전히 갈매역 신설을 요구하고 있다.GTX-B 노선은 경제성 여부에 더해 지역 이기주의가 가중되면서 더욱 난항을 겪고 있다.전문가들은 “목소리 큰 소수가 주장을 관철하기 위해 일반 시민들은 물론 국책사업에도 피해를 주는 일이 종종 발생하고 있다”며 “선량한 시민들이 행복한 삶을 누릴 기본권을 침해받지 않고 공공의 이익도 훼손되지 않는 해결책이 필요하다”고 말했다.
]"
2022-12-02 16:55,[MBN 프레스룸] NEW3 : 전장연 11명 검찰 송치 / 조국 징역 5년 구형 / '성착취' 군 장교 구속,https://n.news.naver.com/mnews/article/057/0001706768?sid=102,"[
			&lt;전장연 지하철 시위 1년…11명 검찰 송치&gt;전국장애인차별철폐연대가 장애인 권리 보장을 요구하는 출근길 지하철 탑승시위가 1년째 이어지면서 시민 불편도 계속되고 있습니다. 전장연 회원 150여 명은 오늘 기자회견을 통해 ""1년 동안 지하철을 탔지만 윤석열 정부는 아직 어떤 답변도 주지 않았다""고 비판했는데요. 경찰은 앞서 입건한 전장연 회원 11명을 지하철 운행을 지연시키고 도로를 점거한 혐의 등으로 검찰에 넘겼습니다. &lt;檢, '입시비리' 조국에 징역 5년 구형&gt;자녀 입시 부정과 감찰 무마 등 혐의로 재판에 넘겨진 조국 전 장관에 대해 검찰이 징역 5년에 벌금 1200만원을 선고해달라고 법원에 요청했습니다.  검찰은 조 전 장관이 수많은 증거 외면하고 반성도 하지 않고 있다고 지적했는데요. 1심 선고는 이르면 연내에 이뤄질 수 있어 보입니다. 잠시 뒤 자세한 소식 전해드리겠습니다. &lt;'성착취' 군 장교 구속…'N번방' 멤버?&gt;최근 3년간 청소년 100여 명을 상대로 신체 부위를 촬영해 전송하도록 하는 등 성 착취 범죄를 저지른 현역 육군 장교가 구속됐습니다.온라인 채팅을 통해 접근하고, 일부 피해자와는 실제로 만나 성폭행까지 한 것으로 드러났는데요.MBN 취재 결과, 해당 장교의 휴대전화와 외장하드에선 이른바  'n번방' 영상도 발견돼 경찰은 'n번방' 멤버일 가능성을 놓고 수사 중인 것으로 전해집니다.
]"
2022-12-02 20:14,위치추적으로 단속 나선 中경찰…시위대는 ‘비행기 모드’,https://n.news.naver.com/mnews/article/009/0005054720?sid=104,"[




 지난 27일  중국 베이징에서 코로나 제로 정책에 항의하는 시위가 열렸다. 집회 참가자들은 아무런 정치적 구호도 적히지 않은 백지를 들고 행진을 벌였다.  CNN은 중국 경찰이 핸드폰 위치추적을 통해 집회 참가자들을 색출하고 있다고 2일 보도했다. [EPA 연합]중국에서 코로나 제로 정책에 반발하는 집회가 확산하는 가운데 중국 당국이 휴대전화 추적을 통해 시위 참가자 색출에 나서고 있다고 CNN이 2일(현지시간) 보도했다.지난달 27일 베이징에서 열린 코로나 제로 반대 집회에 참석한 집회 참가자들은 최근 중국 경찰로부터 시위 참가 여부를 묻는 전화를 받았다. 집회는 평화롭게 마무리됐는데 시위가 끝난 후 사흘 정도 흐른 뒤에 갑자기 중국 현지 경찰의 수사망에 오른 것이다.CNN은 통화 녹취록을 인용해 “경찰은 지난 일요일밤 집회에 참석했느냐고 물었고 시위자는 아니라고 말했다”라면서 “그러자 당신의 휴대폰 신호가 왜 그곳에서 잡혔냐고 경찰이 되물었다”고 전했다.중국 경찰은 시위 참가자에게 조사를 위해 경찰서에 서면 기록을 제출하라는 지시를 받았는데 이것이 베이징시 공안국의 명령이라고 언급했다.하지만 모든 시위 참가자들이 그물에 걸린 것은 아니었다. CNN은 시위 도중 휴대전화를 비행기 모드로 유지한 참가자는 아직까지 경찰로부터 연락을 받지 않았다고 전했다.코로나 제로 정책에 대한 반발이 중국 전역으로 확산하면서 경찰의 압박도 강해지고 있다. 상하이에서는 경찰이 길거리와 지하철에서 가상사설네트워크(VPN)이나 트위터, 텔레그램 등이 스마트폰에 깔려있는지를 확인하고 있다고 CNN은 전했다.
]"
2022-12-02 17:08,"타협 없는 정부, 힘 빠진 파업? 항만 물동량 80% 회복 [월금사진관]",https://n.news.naver.com/mnews/article/014/0004937086?sid=101,"[
월~금 뉴스를 한눈에 정리한 이슈리스트 



화물연대 총파업이 9일째를 맞은 2일 전남 함평군 엑스포공원 주차장에 이른바 '로드탁송'으로 옮겨진 신차가 주차돼 있다. 완성차 업계는 화물연대 집단 운송거부 상황이 길어지자 대체인력을 고용해 공장에 쌓여가는 신차를 제3의 차고지로 개별 운송 중이다. /연합뉴스 [파이낸셜뉴스] 화물연대를 시작으로 서울지하철, 철도노조의 파업 뉴스와 함께 한 일주일이었다.   화물연대 총파업에 대응한 정부의 업무개시명령 나흘째인 2일 물동량 회복이 뚜렷해지는 모습이다. 철도노조의 노사교섭이 타결되면서 파업동력이 떨어지는 있다는 분석이다. 전국 12개 항만의 밤 시간대 컨테이너 반출입량은 평시의 81% 수준으로 올라왔다.   중국에서는 제로 코로나 정책에 반대하는 시민들이 백지를 들고 '시진핑 퇴진' 시위에 나섰다. 이 백지시위는 전세계 곳곳으로 번지고 있다. 11월 28일부터 12월 2일까지 월~금 뉴스를 사진과 함께 정리해 본다.     11/28 '빛바랜 멀티골' 가나에 패배한 대한민국    



28일 오후(현지시간) 카타르 알라이얀의 에듀케이션 시티 스타디움에서 열린 2022 카타르 월드컵 조별리그 H조 2차전 대한민국과 가나의 경기. 후반 한국 조규성이 동점 헤더골을 넣은 뒤 포효하고 있다. /연합뉴스   월드컵 본선에서 조규성의 멀티골이 터졌다. 한국축구 역사를 새로 쓰는 순간이었지만, 경기에서는 패했다.  한국이 28일(현지시간) 카타르 알라이얀의 에듀케이션시티 스타디움에서 열린 월드컵 조별리그 H조 2차전에서 가나를 맞아 분투했지만 2-3으로 아쉽게 패했다. 조규성이 한국 선수로는 처음으로 월드컵 본선 한 경기에서 멀티골을 넣으면서 동점골을 만들었지만, 곧이어 추가골을 먹는 바람에 16강 진출에 빨간불이 켜졌다.   한국의 월드컵 본선 '2차전 무승 징크스'도 이어졌다. 통산 11회 월드컵 본선에 오른 한국은 조별리그 2차전에서 이날까지 4무 7패를 기록했다. 한국은 가나 국가대표팀과 역대 맞대결에서도 3승 4패로 열세에 놓이게 됐다. FIFA 랭킹은 한국이 28위이고, 가나는 이번 대회 본선에 참가한 32개국 중 가장 낮은 61위다.   앤서니 테일러 주심에 대한 비판도 이어졌다. 후반전 추가시간 경기 종료 직전 한국이 코너킥을 얻었다. 그러나 주심이 바로 휘슬을 불어 경기를 끝내버렸고, 이에 그라운드로 뛰쳐나가 강하게 항의하던 벤투 감독은 레드카드를 받아 퇴장을 당하기까지 했다.    



28일(현지시간) 중국 베이징에서 고강도 코로나19 정책에 반대하는 시위와 우루무치시 화재 사건 희생자들을 위한 집회가 함께 진행되면서 시위자들이 거리를 따라 행진하고 있다. 지난 24일 신장웨이우얼자치구 우루무치시의 고층 아파트에 발생한 화재 사건으로 '제로 코로나' 정책에 대한 시민들의 분노가 커졌다. /연합뉴스  ""시진핑 물러나라"" 제로 코로나 정책에 반대하는 중국 국민들의 '백지 시위'가 들불처럼 번지고 있다.  상하이와 광저우에 이어 수도 베이징에서도 성난 주민들이 거리로 몰려나왔다. 28일 소셜미디어에 따르면 일요일인 전날 밤 10시께 베이징 차오양구 량마차오루 인근에 백지 A4 용지를 든 사람들이 몰려들기 시작했다.   백지를 든 시민들은 ""봉쇄 대신 자유를 원한다""라거나 ""문화혁명 2.0을 끝내라""라는 내용의 구호를 외치며 제로 코로나 철회를 촉구했다. ""시진핑은 물러나라""는 구호도 나왔다. 시민들이 든 백지는 검열에 저항한다는 의미로, 2020년 홍콩에서 국가보안법에 반대하는 시위 때도 등장한 바 있다. 지나가던 자동차 운전자들이 경적을 울리며 시위대를 응원하는 모습도 담겼다.   홍콩과 대만에서도 연대 시위가 벌어졌다. 홍콩대에서는 학생들이 백지를 든 채 중국에서 벌어진 시위에 대한 연대를 표하는 침묵시위를 펼쳤다.     11/29 윤 대통령 ""파업과 타협 없다""    



화물연대 총파업과 관련한 업무개시명령이 국무회의에서 의결된 29일 정부세종청사 국토교통부 관련 부서에서 한 직원이 업무개시 명령서를 살펴보고 있다. /연합뉴스  윤석열 대통령에게 타협은 없었다. 화물연대에 대한 첫 업무개시명령을 내려졌다.  윤 대통령은 29일 국무회의에서 ""명분 없는 요구를 계속한다면 모든 방안을 강구해 대처할 수밖에 없다""고 밝혔다. 윤 대통령은 ""정부는 오늘 민생과 국가 경제에 초래될 더 심각한 위기를 막기 위해 부득이 시멘트 분야의 운송 거부자에 대해 업무개시명령을 발동한다""고 밝혔다. 이어 ""시멘트, 철강 등 물류가 중단돼서 전국의 건설과 생산 현장이 멈췄고, 우리 산업 기반이 초토화될 수 있는 상황""이라며 ""국민의 일상생활까지 위협받고 있다""며 화물연대의 업무복귀를 강조했다.   화물연대는 총파업 엿새만에 정부가 업무개시명령을 발동하자 강경 대응에 나섰다. 화물연대는 업무개시명령을 '노동자 계엄령'으로 규정하고, '삭발투쟁'으로 맞섰다. 양측의 대응 강도가 더 세지는 가운데 산업계 피해가 확산하고 있다.     11/30 '퇴근대란' 지하철 파업에 미어터진 지옥철    



서울교통공사 노동조합이 파업에 돌입한 30일 서울 지하철 4호선 충무로역 승강장에서 승객들이 이동하고 있다. 서울교통공사 노조의 파업은 1∼8호선 기준으로 2016년 9월 이후 6년 만이다. /연합뉴스  지하철 파업, 출근대란은 없었지만 퇴근길은 지옥철이었다.  서울교통공사 노동조합의 총파업 첫날인 30일 퇴근 시간대 지하철 운행이 지연되면서 큰 혼잡이 빚어졌다. 이날 오후 7시께 2호선 강남역은 퇴근 시간대 한꺼번에 쏟아져나온 직장인들로 역 개찰구부터 계단, 승강장까지 빽빽하게 들어찼다. 인파를 피하려고 지하철을 포기한 승객들이 몰린 버스와 택시도 평소보다 크게 붐볐다. 이날 강남역∼역삼역 구간에는 한때 열차 간격이 20분까지 벌어졌다.   일부 시민은 좁은 역사 안에 사람들이 빼곡하게 들어찬 모습에 이태원 참사를 떠올리며 불안을 감추지 못했다. 인파 위험을 알리는 119신고가 접수되기도 했다. 이날 사회관계망서비스(SNS)에도 ""숨이 막히고 내부도 사람 때문에 꽉 껴서 그냥 내렸다"", ""기다리는 사람이 많아서 세 번만에 탑승했다"", ""압사당하는 줄 알았다""와 같은 글이 게시됐다.   서울교통공사 노조는 전날 임금·단체협약 협상 결렬에 따라 파업에 나섰다. 이번 파업은 1∼8호선 기준으로 2016년 9월 이후 6년 만이다.    



홍콩에서 열린 포춘 글로벌 포럼에 참석한 장쩌민 전 중국 국가주석이 기업 임원들과 회의 중 얼굴에 미소를 띄우고 있다. /뉴스1  덩샤오핑의 후계자, 장쩌민 중국 전 국가주석이 사망했다.  신화통신에 따르면 장 전 주석은 30일 백혈병 등으로 인해 상하이에서 치료를 받다 94세의 일기로 세상을 떠났다. 장 전 주석은 1989년 톈안먼(天安門) 사태로 실각한 자오쯔양 전 당 총서기의 뒤를 이어 덩샤오핑에게 발탁돼 당 총서기에 오른 뒤 15년 동안 중국 최고 권력을 움켜쥔 채 중국 경제 발전을 지휘했다.   톈안먼 사태라는 격동을 거쳐 중앙 정치 무대에 등장한 고인은 덩샤오핑의 개혁개방 노선을 충실히 계승하며 중국의 경제 도약을 일궜다. 또한 최고 지도자 재임 중 굵직굵직한 정치, 경제, 외교의 이정표를 세웠다.   은퇴 이후에도 상하이방(上海幇·상하이 출신 정·재계 인맥)의 원로로서 중국 정계에 깊숙이 개입하며 현역 지도자를 견제하는 역할을 맡기도 했다. 시진핑 국가주석 집권기에는 상하이방이 시 주석의 '정적세력'으로 분류되면서 정치적 입지가 약화됐다.     12/1 파월 입에서 나온 '속도조절'.. 환율 1200원대로 '뚝'    



1일 원·달러 환율은 19.1원 내린 1299.7원으로 장을 마쳤다. 사진은 이날 서울 중구 명동 하나은행 본점 딜링룸 모습. /연합뉴스   '킹달러' 시대의 끝이 보이자 원·달러 환율이 급락했다.   제롬 파월 미국 연방준비제도(Fed·연준) 의장이 금리 인상 속도를 늦출 가능성을 시사하자 원·달러 환율이 20원 가까이 하락했다. 1일 서울 외환시장에서 달러 대비 원화 환율은 전날 종가보다 19.1원 내린 달러당 1299.7원에 거래를 마쳤다. 환율이 1300원 선 아래에서 마감한 것은 지난 8월 5일 이후 약 4개월 만이다.   이날 환율이 큰 폭으로 하락한 것은 간밤 파월 의장이 금리 인상 속도 조절을 언급하면서 투자자들의 위험 선호 심리가 회복된 영향이다. 투자심리가 회복되면서 달러화 가치는 하락했다. 주요 6개 통화에 대한 달러 가치를 나타내는 달러 인덱스는 107을 웃돌다 105대로 하락했다.   파월 의장은 브루킹스 연구소 주최 연설에서 ""금리 인상 속도를 완화할 시기가 빠르면 12월에 올 수 있다""라고 말했다. 또한 ""연착륙으로 가는 길에 있다고 믿고 싶다""고 언급해 경기 침체를 우려하고 있는 시장에 안도감을 줬다.     12/2 조국 전 장관에게 5년 구형한 검찰    



자녀 입시비리 및 감찰 무마 의혹을 받는 조국 전 법무부 장관이 18일 오전 서울 서초구 서울중앙지방법원에서 열린 1심 속행공판에 출석하고 있다. /뉴스1  자녀 입시비리와 감찰 무마 등 혐의로 기소된 조국 전 법무부 장관에게 검찰이 징역 5년을 구형했다.  검찰은 2일 서울중앙지법 형사합의21-1부 심리로 열린 조 전 장관에 대한 결심 공판에서 ""피고인에게 징역 5년과 벌금 1천200만 원을 선고하고 600만원의 추징을 명령해달라""고 재판부에 요청했다.   조 전 장관 딸에게 장학금을 줘 뇌물공여 혐의로 함께 재판에 넘겨진 노환중 부산의료원장에겐 징역 6개월을 구형했다. 검찰은 ""재판이 끝난 이 시점에도 피고인들이 명백한 사실조차 인정하지 않는다는 점이 가장 안타깝다""며 ""피고인들은 증거를 외면하면서 아무런 반성을 하지 않지만, 재판을 통해 진실이 뭔지, 상식에 부합하는 판단이 뭔지 밝혀질 것을 믿는다""고 말했다.
		]"
2022-12-02 3:01,정부 “법대로”에 민노총은 “총력 투쟁”… 파업 장기화 우려,https://n.news.naver.com/mnews/article/020/0003465674?sid=102,"[
[민노총 파업]향후 5년간 노정관계 결정 시금석… 정부-노동계 모두 강경대응 모드화물연대 이어 6일 총파업 예고, 서울지하철 등 타결… “파급 제한적”



대통령실 인근서 공동파업 결의대회 1일 오후 서울 용산 대통령실 인근에서 열린 전국민주노동조합총연맹 공공운수노조 집회 모습. 이날 모인 조합원들이 ‘대정부 공동파업-총력투쟁 결의대회’에 참석해 구호를 외치고 있다. 뉴스1전국민주노동조합총연맹(민노총)이 산하 공공운수노조 화물연대본부의 총파업을 계기로 대정부 총력 투쟁에 나선 것을 놓고 노동계에선 ‘예견된 수순’이라는 분석이 지배적이다. 보수정부가 들어선 첫해 정부와 민노총 사이의 대립은 반복적으로 이어져 왔다. 양측 모두 향후 5년간의 노정관계를 유리하게 끌어가겠다는 판단에 따라 강경 대응에 나서며 국민 불편과 산업계 피해가 장기화될 수 있다는 우려가 나온다.○ 새 정부와 ‘힘겨루기’ 나선 민노총공공운수노조는 1일 오후 서울 용산구 지하철 4호선 삼각지역 인근에서 총파업 결의대회를 열었다. 현정희 공공운수노조 위원장은 “정부가 화물연대 파업을 업무개시명령으로 협박한다”며 “화물 파업을 엄호하고 지지해 동지들을 지키고 함께 승리하겠다”고 외쳤다. 약 3000명(주최 측 추산)의 참여 조합원은 ‘국가책임 강화’ ‘국민안전 실현’ 등이 적힌 손팻말을 들고 “총파업 투쟁으로 시민 안전 지켜내자” 등의 구호를 외쳤다. 시위가 삼각지역 인근 한강대로 편도 6개 중 5개 차로 400m 구간을 점거한 채 진행돼 일대 도로가 극심한 정체를 빚었다. 앞서 민노총은 지난달 30일 긴급 임시중앙집행위원회에서 3일 전국노동자대회, 6일 전국 동시다발 총파업·총력투쟁대회 개최를 결정했다. 화물연대의 파업이 끝날 때까지 투쟁기금도 모금하기로 했다. 정부가 ‘법과 원칙’을 강조하면서 양측 간 대화가 제대로 이어지지 않자 장기전 채비에 나선 것이다. 공공부문의 임금·단체협상이 몰리는 연말은 원래도 공공 노조의 파업이 많은 시기다. 올해는 특히 새 정부 첫해를 맞아 인력 감축 등 공공부문 정책에 대한 노조의 반발이 겹치면서 역대급 겨울 투쟁으로 확산됐다. 여기에 올해 말 안전운임제 일몰을 앞두고 벌어진 화물연대 총파업이 구심점으로 부상했다. 박지순 고려대 법학전문대학원 교수는 “보수정부가 들어서면 정권 초기에 공공기관 부실·방만 문제부터 해결하려고 하다 보니 공공부문 노사관계가 노정 갈등의 발화선이 되곤 한다”며 “표면적으론 민노총이 산하 노조를 지원하는 형태지만 궁극적으로는 정부에 강력한 투쟁 의지를 보여주려는 취지”라고 설명했다. 실제로 박근혜 정부가 들어선 첫해인 2013년 연말에도 철도노조가 수서발 고속철도(KTX) 분리에 반대하며 22일간 철도파업을 벌이고 민노총이 이를 뒷받침한 경우가 있었다. ○ “총력투쟁” 선언에도 파급 제한적 



지난달30일 전남 목포신항의 한 시멘트회사 물류센터에는 벌크시멘트 트레일러의 파업참여로 운행이 중단돼 주차장이 텅비어 있다. 목포=박영철기자 skyblue@donga.com민노총 측은 “화물연대는 총노동 차원에서 반드시 승리해야 할 핵심 투쟁전선”이라며 집중 투쟁을 예고했다. 하지만 민노총이 실제로 연쇄 파업을 통해 투쟁 동력을 이어가기는 쉽지 않을 것이란 관측이 많다. 개별 노조들은 협상을 통해 얻게 되는 이해관계에 더 관심이 많기 때문에 요구사항이 관철되면 언제든 파업을 철회할 수 있다. 실제로 서울교통공사 노조, 서울대병원 노조, 대구지하철 노조 등이 최근 줄줄이 협상 타결로 파업을 철회했다. 민노총이 6일로 예고한 전국 동시다발 총파업 역시 파급력은 크지 않을 것으로 보인다. 민노총은 쟁의권이 확보된 사업장에선 파업을 진행하고 나머지는 조퇴, 휴가 등을 통해 총파업에 동참하겠다는 계획이다. 하지만 대다수 민간 기업은 이미 임·단협을 끝냈다. 고용노동부에 따르면 쟁의권을 확보한 대형 사업장은 현대중공업그룹 조선 3사, 현대제철, 대우조선해양 등에 불과하다. 파업 동력이 그만큼 떨어질 수 있다는 의미다. 최영기 한림대 객원교수(전 한국노동연구원장)는 “대형 사업장 노조일수록 민노총 지시보다는 개별 기업의 이해관계에 영향을 받기 때문에 파업 참여를 기대하기 어렵다”며 “경제가 악화하는 시기에 여론의 공감을 얻기 힘든 점도 민노총에 부담이 될 것”이라고 전망했다. 한 정부 관계자는 “최근 대규모 집회를 잇달아 개최하면서 민노총 내부도 피로감이 커지고 있다는 분위기”라고 전했다. 
]"
2022-12-02 11:17,민주노총 탈퇴가 왜 경사일까 [기자수첩-산업IT],https://n.news.naver.com/mnews/article/119/0002663589?sid=101,"[
민폐파업, 정치파업으로 국민에 미운털 박힌 민주노총'민폐노총'소리 듣기 싫다면 국민에 폐 끼치는 일 그만둬야



민주노총 공공운수노조 서울교통공사노동조합이 11월 30일 서울 중구 서울광장에서 총파업 출정식을 열고 구호를 외치고 있다. ⓒ데일리안 김민호 기자[데일리안 = 박영국 기자] “포스코 노조의 민노총(민주노총) 탈퇴 직후 주가 급등은 민노총에 대한 개미 투자자들의 평가를 그대로 반영하고 있습니다. 생산현장을 지키는 다수 노동자의 진정한 뜻은 민폐노총이 되어버린 민노총의 전위대 역할을 거부하는 것입니다. 포스코 노조의 민노총 손절! 축하하고 환영합니다!”원희룡 국토교통부 장관이 지난 1일 페이스북에 올린 글이다. 일국의 장관이 노동계를 대표하는 단체 중 하나에 노골적인 반감을 드러내는 것은 그다지 바람직해보이지 않지만, 이상하게도 민심은 그를 비난하지 않는다. 페이스북 댓글은 물론, 해당 글을 소개한 기사 댓글에도 지지와 응원의 메시지가 대부분이다.사실 민주노총 금속노조 포스코지회의 조직형태 변경(산별노조에서 기업별노조로 변경, 즉 금속노조 탈퇴) 찬반투표 결과가 주식 장 마감 시간 이후 나왔다는 점을 감안하면 이 사안이 포스코 계열사들의 주가 급등의 직접적인 원인이라고 보기도 어렵다. 그럼에도 수많은 개미 투자자들은 종목 게시판에서 자신이 투자한 기업 노조의 민주노총 탈퇴를 기원하는 글을 올렸다.민중의 편에 서서 노동자를 위해 싸운다는 전국민주노동조합총연맹(민주노총)이 어쩌다 전 국민에게 미운털이 박혔을까.원인은 민주노총 스스로 제공했다. 연봉 1억에 육박하는 귀족 노조가 한 푼이라도 더 뜯어내겠다며 사측과 줄다리기를 벌일 때도, 줄파업으로 국가 경제에 악영향을 미친다는 소리가 들릴 때도 못마땅하긴 했지만 화가 치밀 정도는 아니었다.하지만 요즘은 그들의 민폐 행위가 체감된다. 서울교통공사노조 파업에 따른 지하철 운행 차질로 출퇴근길에 고생을 해야 하고, 화물연대 파업으로 석유제품 운송이 막히며 주유소에서 기름 넣기도 힘들다. 자동차를 예약해놓고 1년을 기다렸는데 카 캐리어들까지 파업에 동참하며 인도를 더 기다리거나 로드탁송으로 수백km의 수명을 소모한 차를 받아야 한다.이런 상황에서 KTX와 서울지하철 1‧3‧4호선을 운행하는 철도노조까지 2일 파업을 예고하며 화를 더욱 돋웠다. 다행히 이날 새벽 노사 교섭 잠정합의로 파업이 철회되긴 했지만 이미 ‘파업 스트레스’는 추가됐다.화물연대도 서울교통공사노조도, 전국철도노동조합도 모두 민주노총 소속이다. 이른바 ‘민폐파업’이 벌어질 때마다 “또 민주노총이야?”라는 소리가 나올 만 하다.그 민주노총이 오는 3일에는 전국 노동자 대회를 연다. 서울에서는 여의도 국회 앞을 점거해 시위를 벌이고 부산에서는 부산신항 공공운수노조 화물연대 집회와 연계해 투쟁을 벌인다고 한다.시위의 목적은 자신들의 입장을 널리 알리는 것이다. 하지만 시민들이 여기에 지지의 박수를 보낼지 비난의 눈총을 보낼지는 스스로 잘 알 것이다.포스코지회 지도부가 민주노총 금속노조 탈퇴를 결정하고, 70%에 가까운 조합원들이 탈퇴를 지지한 배경을 생각해볼 필요가 있다. 권력에 맛에 취해 노동자 권익 보호보다 조직의 세를 키우는 데 심취한, 집회 현장에서 정치적 구호나 외치는 집단에 꼬박꼬박 조합비를 헌납할 이유를 찾기 힘들었을 것이다.나아가 전 국민적 비난을 받는 민주노총의 일원으로 불리는 상황이 마뜩치 않았을 근로자 역시 적지 않았으리라 본다.‘민폐노총’이라는 용어는 이번에 원희룡 장관을 통해 처음 나온 게 아니다. 과거에도 민주노총이 ‘민폐파업’을 벌일 때마다 종종 언급됐던 비아냥 섞인 명칭이다. 이 소릴 듣기 싫다면 원 장관의 입을 막을 게 아니라 국민들에게 폐를 끼치는 일부터 그만둬야 할 것이다.
		]"
2022-12-02 17:14,"[생생경제] 최근 잇따른 파업, 내년 다른 산업으로 확대될 가능성 높은 이유는?",https://n.news.naver.com/mnews/article/052/0001821153?sid=101,"[




■ 방송 : YTN 라디오 FM 94.5 (15:00~16:00)■ 진행 : 최휘 아나운서■ 방송일 : 2022년 12월 2일 (금요일)■ 대담 : 박정호 명지대 특임교수* 아래 텍스트는 실제 방송 내용과 차이가 있을 수 있으니 보다 정확한 내용은 방송으로 확인하시기 바랍니다.[생생경제] 최근 잇따른 파업, 내년 다른 산업으로 확대될 가능성 높은 이유는?-물류 허브 철도 화물 파업...인플레 경제 반영-반도체 경기 급락은 환율 불안으로 이어질수도-11월 소비자물가 상승률 5% 물가 정점...내년 상반기 추이 봐야[관련 동영상 보기]◇ 최휘 아나운서(이하 최휘)&gt; 무역 수지가 8개월째 적자를 이어가고 있지만 우리 경제는 지난 3분기에도 소폭 경제성장을 이뤘습니다. 또 소비자물가상승률도 점차 둔화되고 있는 것으로 나왔는데요. 우리 경제 상황, 전반적으로 짚어보겠습니다. 박정호 명지대 특임교수 연결됐습니다. 교수님, 안녕하세요?◆ 박정호 명지대 특임교수(이하 박정호)&gt; 네, 안녕하세요.◇ 최휘&gt; 먼저 이 얘기부터 해볼게요. 철도공사 노조가 밤샘 협상 끝에 극적으로 타협을 했네요. 이제 KTX와 지하철은 모두 정상 운행되고 있죠?◆ 박정호&gt; 네, 그동안 부분적으로 운행되는가 싶어서 걱정들을 많이 하셨던 분들이 많으실 것 같은데요. 잠정적으로 합의안이 도출되면서 일단 승객 이용하시는 분들의 큰 불편은 어느 정도 우려하지 않으셔도 될 상황이기는 합니다. 그런데 오프닝 때도 말씀 주셨지만, 이게 '잠정적인 합의'이기 때문에 사실 완벽한 합의가 도출된 것은 아니라 우리가 마음 놓고 안심을 할 단계는 아니다. 이렇게 말씀드릴 수 있을 것 같습니다.◇ 최휘&gt; 불씨는 아직 남아 있는 거군요. 노사 간의 입장 차가 굉장히 컸기 때문에 타협이 쉽지 않을 것 같았는데, 그래도 그나마 다행이라고 봐야겠죠. ◆ 박정호&gt; 그런데 저는 이번 화물연대 파업에 이어서 철도노조 파업까지 일어난 것을 단순히 화물과 철도 노조에 국한돼서 생각해야 할 일이 아니다라는 시각을 가지고 있습니다. 오늘 그 얘기를 좀 드리고 싶은데요. 사실 지난 코로나19, 2년의 기간 동안 많은 산업 전반에 취약한 부분이 잠재되어 있었었습니다. 그럼에도 불구하고 많은 산업 부분의 어려움을 극복하기 위해서 정부에서의 전략적인 지원 덕분에 고비는 넘어갔는데요. 그러다 보니까 본격적인 침체나 경기 위축이 내년부터 전개될 상황에 놓여져 있습니다. 그와 함께 미중 간의 갈등 등으로 인해서 실물 부분에서 우리가 전 세계적인 수출의 어떤 위상이 과거와 같은 수준으로 계속 유지될 것인가에 대한 고민들도 많은데요. 바로 이런 상황에서 대표적으로 실물 부분의 어떻게 보면 '물류 허브' 역할을 담당하는 철도와 화물부터 본격적으로 이슈가 터진 겁니다. 그런데 이 이슈는 내년부터는 조금 더 확대될 가능 많아 보여요. 그 이유가 첫 번째로는 우리가 먹거리가 충분할 경우에는 지금 다소 고통이 있다 하더라도 감내하면서 계속 앞을 보면서 달려갈 수가 있는데, 좀 전에 말씀드린 것처럼 내년부터 본격화될 것으로 보이는 경기 위축 부분하고요. 그다음에 미중 간의 갈등으로 인해 실물 부분이 크게 위축되기 시작하면서, 이런 물류망을 이용한다라든가. 이런 것들의 수요가 급감할 가능성도 많아지고 있는 상황입니다. 그다음에 하나가 더 있는데요. 그동안 계속 급상승했던 인플레이션에 대한 부담이 가중되고 있었다는 점입니다. 이런 과정에서 실질적으로 올해 많은 근로자들의 실질적인 급여가 오히려 떨어진 회사들이 많거든요. 무슨 얘기냐 하면, 올 초에 연봉 협상을 할 때 이렇게 높은 물가 상승률이 유발될 것을 미리 고려해서 연봉 협상에 임했던 노사 간의 협의는 아마 많지 않았을 겁니다. 그러다 보니까 올해 실질적인 급여가 떨어진 회사나 산업 부분이 많고요. 이제 곧 내년도 연봉 협상, 또는 그런 것들이 다시 재개될 텐데요. 그러면 올해 본인의 유실됐던 연봉하고, 그리고 이제 내년에 물가 상승률이 여전히 불안할 것이라는 건 우리 모두 다 알고 있는 사실이거든요. 그렇다면 내년에도 만만치 않은 연봉 인상률을 같이 요구될 수밖에 없는 상황인데, 그러면 올해 4~5% 수준의, 내년에도 3% 이상 4%에 준하는 물가 상승률을 고려한 연봉 협상이 이루어진다면 근 10%에 육박하는 급여 상승이나 실질적인 소득 보전이 어떤 형태로든 이루어져야 될 수 있다는 게 많은 근로자들의 의견 중에 하나입니다. 그런데 기업 입장에서는 또 단기간에 이렇게 많은 인상을 하는 것도 부담이 될 수밖에 없는 것이고요. 바로 이런 갈등의 국면에 지금 놓여져 있는 게 우리나라 경제 상황이고요. 그게 먼저 촉발됐던 분야가 화물연대와 철도노조이고, 내년 초에도 다른 산업 섹터에서 이런 대규모 파업이 일어나지 않을까라는 저는 걱정을 하고 있는 사람 중에 하나입니다.◇ 최휘&gt; 그렇군요. 내년에 또 다른 산업 분야에서 파업이 일어날 수 있다. 전개될 수 있다고 예측을 해 주셨는데요. 일단 철도노조 파업에 대한 이야기를 마무리해 볼게요. 노사 간 쟁점이 상당히 많았습니다. 임금 인상도 있었고, 인력 추가 채용 문제도 있고, 민영화 이슈도 있었는데. 어떻게 이견이 좁혀졌나요?◆ 박정호&gt; 사실 의견이 완벽하게 수렴됐다라기보다는 앞으로 더 논의하는 형태로 진행을 하기로 내용이 되어 있다. 이렇게 보시는 게 더 좋을 것 같아요. 이게 잠정 합의안이기 때문에 계속 논의를 하는 과정이라고 봐야 되는 것이고 아직까지 그 논의의 과정 자체에서도 추상적인 문구가 많이 들어가 있는 상황입니다. 그러다 보니까 세부적인 개수 조정에 가까운 구체적인 대안을 논의하는 과정에서는, 다시 많은 부분의 서로 간의 상생을 위한 노력들이 추가돼야 될 부분이라서요. 아직 이렇다 할 뚜렷한 결론이 났다라고 보시기에는 좀 이른 게 아닌가 생각이 듭니다.◇ 최휘&gt; 합의안이 아직 구체화된 게 없다는 거군요? ◆ 박정호&gt; 그렇죠. '이런 관점에서 다시 합의를 해보자'라는 어떤 큰 방향성 정도 잡혔다고 보시는 게 맞을 것 같아요.◇ 최휘&gt; 알겠습니다. 지금 파업이 여전히 진행 중인 화물연대 이야기로 넘어가 보겠습니다. 총파업이 9일째입니다. 물류 피해에도 확산되고 있는데, 정부가 유조차 운송기사에 대해서도 업무 개시 명령을 검토 중이라고 하죠?◆ 박정호&gt; 네, 맞습니다. 사실 이런 게 또 참 안타까운 부분인데요. 어려움에 처한 분들은 자신들의 목소리에 좀 더 힘을 받기 위해서 이런 집단 행동을 당연히 하실 수 없는 상황이고요. 그런데 집단 행동이라는 것도 법의 테두리 안에서 전개를 해야 되는 부분이 있는데, 법의 테두리만 가지고서는 본인들이 요구하는 것을 충분히 전달할 수 없다는 이유 때문에 이러한 상황까지 치닫는 게 일반적인 상황입니다. 그런 상황에서 정부에서는 이제 법적인 절차를 밟아가는 상황이 됐고요. 그 과정에서 어제도 국토부에서 논의가 제대로 진행되지 않았던 것으로 보여져서, 사실 화물연대의 총파업 내용이 조금 더 시시각각 더 악화되는 게 아닌가라는 우려를 저도 갖고 있습니다.◇ 최휘&gt; 지금 서울에서 휘발유 재고가 떨어진 주유소들이 늘고 있다고 하는데, 이 부분도 참 걱정이고요.◆ 박정호&gt; 네, 맞습니다. 사실 화물연대에서 지금 가장 크게 발목을 잡고 있는 파트는 철강에 대한 운송 부분인데요. 철강이라고 하는 것은 조선, 그다음에 자동차, 그 밖에 전방위 산업 부문에서 원자재 요소를 담당하고 있기 때문에 산업 전방위적인 병목 현상을 유발할 수 있는 중요한 요소입니다. 바로 이런 과정에서 철도 파업뿐만 아니라 화물연대 파업이 같이 맞물려서 우리나라의 큰 경제적 실질적인 피해도 유발되기 직전까지 와 있는 상황이라서, 그런 부분 때문에 다들 촉각을 곤두세우는 것 같습니다.◇ 최휘&gt; 어렵겠지만 실타래를 하나하나 풀어가는 상황이 펼쳐졌으면 좋겠습니다. ◆ 박정호&gt; 앞에서도 말씀드렸듯이 이번 시위에 참여하시는 많은 분들이 '앞이 잘 안 보인다'는 표현을 많이 쓰시더라고요. 경기가 급락하면서 본인들이 화물을 계속 운반해야 할 어떤 여러 가지 실질적인 물동량이 줄어들 것으로 예정되어 있고, 뿐만 아니라 실질적으로 화물을 운송하는 과정에서 들어가는 비용마저도 여러 가지 물가 상승으로 급등되다 보니까. 그런 절박함 때문에 거리에 나오시는 일까지 생긴 것 같은데요. 부디 원만하게 해결이 됐으면 하는 바람입니다.◇ 최휘&gt; 그렇습니다. 이런 가운데 무역수지가 8개월째 적자를 기록했습니다. 그동안 우리나라 수출의 큰 비중을 차지했던 반도체 수출액이 큰 폭으로 줄었다고 하더라고요?◆ 박정호&gt; 맞습니다. 사실 저희 같은 공부하는 사람들 입장에서는 경기를 먼저 진단하기 위한 여러 가지 지표들을 많이 찾는 게 저희의 일이기도 한데요. 그중에 하나가 포장지, 박스에 대한 수요를 저희가 많이 찾아봅니다. 원자재든, 중간재든, 아니면 최종재든. 배송하기 위해서는 우리 흔히 '라면 박스'라고 부르죠. 일반적인 이런 박스들에 대한 수요가 늘어나는 게 통상적이고, 박스를 먼저 주문하는 게 통상적인데. 박스에 대한 재고, 박스에 대한 새로운 물량에 대한 발주가 급격히 줄어들고 있는 상황입니다. 이것은 앞으로 향후 반도체뿐만 아니라, 여러 반도체가 탑재되어 있을 최종 제품에 대한 수요가 급감한다는 것이 이미 실질적으로 통계에서도 확인되고 있는 부분입니다. 특히 안타까운 것은 반도체가 굉장히 급감하고 있다는 부분인데요. 우리나라는 수출을 중심으로 먹고 사는 국가 중에 하나고, 수출의 가장 중심적인 수출 품목이 바로 반도체입니다. 그런데 이 반도체가 제대로 수출이 안 된다는 것은, 우리나라 여러 경제 지표상에 크게 두세 가지 악재로 바로 이어지게 되는데요. 먼저 첫 번째는 많은 분들이 요즘 증시에 대해서 관심이 많은데, 주가에도 악영향을 미칠 수 있는 요소 중에 하나입니다. 우리나라 코스피 시장에서 삼성전자가 차지하는 비중은 거의 20%에 육박할 정도로 절대적인 비중을 차지합니다. 그런데 삼성전자가 반도체 수출이 제대로 안 된다든가, 이렇게 됐었을 때는. 지금 조금 회복은 됐습니다마는, 지속적으로 삼성전자 주가가 회복되는 데 발목을 잡을 수 있는 요인으로 작용하거든요. 그것은 단순히 삼성전자 주가만 악영향을 미치는 게 아니라, 우리나라 코스피 전체에서 차지하는 비중이 워낙 반도체가 크다 보니까. 이쪽에서 성과를 내지 못하면 전반적인 종합주가지수에도 상승 여력에 발목을 잡는 요소로 작용할 수 있습니다. 두 번째는 환율 부분입니다. 사실 환율이라는 것은 금융적으로도 결정이 되지만, 실물 부분에서. 즉, 우리가 얼마나 수출을 많이 해서 달러를 많이 벌어오느냐에 따라서 우리나라 환율이 안정될 수 있는 장기 모멘텀을 얻을 수가 있습니다. 그런데 반도체라는 부분에서 우리가 그동안 수출 차지하는 비중이 거의 절대적이었는데, 여기에서 수출이 제대로 이루어지지 않는다면 지금 다소 환율이 안정되어 있기는 합니다마는 이런 안정세가 지속되기 위해서는 한국 경제가 외화를 잘 벌고 있다는 시그널을 시장에 지속적으로 줘야 되는데, 그럴 수 있는 여지가 상당히 훼손될 수 있는 것이죠. 그러다 보니까 지금 반도체 경기가 급락한다는 것은 우리나라 환율 시장을 다시 불안하게 만들 수 있는 여지로 작용할 가능성마저 있는 상황입니다.◇ 최휘&gt; 그럼 내년에 반도체 시장은 어떻게 전망을 하실까요. 좀 나아져야 할 텐데요.◆ 박정호&gt; 마침 제가 지난주에 반도체 관련 업계에 종사하시는 외국계 CEO분들하고 조찬을 할 기회가 있었는데요. 좀 전반적으로 분위기는 좀 부정적으로 보시는 경우가 많은 것 같습니다. 일단 코로나19로 인해서 기존 반도체가 탑재되어 있는 디바이스가 신규로 조기에 교체됐던 주기가 먼저 다 완료가 됐다고 합니다. 노트북이나 TV, 그 밖에 전산 장비들이 코로나로 인해서 갑작스럽게 비대면 상황을 하는 과정에서 요구되는 사양들에 부합하기 위해 신규 교체를 했고요. 그런데 이 교체된 것이 불과 아직 1년, 또는 2년밖에 안 지난 상황에서 다시 교체하기에는 너무 시기적으로 이른 것이죠. 그러다 보니까 이들 제품의 교체 주기가 아직 남은 것이 하나 있고요. 그다음 두 번째로는 미래지향적인 새로운 화두에 대한 투자가 급랭한 상황이라고 판단하고 있는 것 같습니다. 흔히 메타버스라든가, 자율주행 자동차라든가, 이런 새로운 화두가 될 수 있는 많은 분야에 또다시 반도체가 많이 투여되게 될 수밖에 없는 것인데. 이런 분야에 대한 신규 투자가 최근 급격히 줄어들고 있는 상황에서 그에 부합해서 반도체 수요도 줄어들 것이라고 내년까지 전망을 하고 있는 상황이고요. 내년에는 이러한 흐름이 크게 달라질 변곡점이 확인되지 않는 상황이라서 내년 1년 동안에는 반도체 경기가 실질적으로 그렇게 좋다고만 단정할 수 없을 것 같습니다.◇ 최휘&gt; 내년에도 반도체 시장이 밝지 않을 것이다라고 전망을 해 주셨고요. 그런데도 우리 경제가 지난 3분기에 미약하지만, 정말 소소한 성장세를 이어갔습니다. 3분기 국내총생산 GDP가 전분기보다 0.3% 늘었다고 하는데요. 요인이 뭘까요?◆ 박정호&gt; 사실 많은 분들이 지금 물가 상승, 금리 상승 때문에 고통받고 계실 텐데요. 그런 분들에게는 참 어처구니 없이 들리실 수도 있겠습니다만, 그래도 우리나라 경제가 여타 OECD 국가들에 비해서 건실하게 잘 버티고 있는 것은 분명한 사실입니다. 일례로 유럽 같은 경우는 유럽 전반적인 국가들의 물가 상승률의 수치는 두 자릿수인 10% 상승률을 보이고 있는 상황입니다. 뿐만 아니라 중남미 국가 역시도, 중남미 국가는 통계를 반드시 믿을 수는 없습니다만 15%에서 20%에 육박하는 물가 상승률을 보이고 있고요. 여타 국가들에서 이렇게 고공의 물가 상승률을 보이면서 국가 경제의 기본적인 펀더멘탈이 많이 훼손되고 있는 상황입니다. 동남아시아 국가도 라오스라든가 일부 국가에서는 지금 주유소의 기름이 없는 이유가 화물노조의 파업이나 이런 것이 아니라, 달러가 부족해 석유를 얻을 수가 없어서 주유소에 가도 기름을 못 사는 정도까지 경제 구조가 취약한 상황이거든요. 이런 상황에서 그래도 물가 상승률을 5% 전후방으로 디펜스를 하고 있고, 그리고 나름대로 미래지향적인 새로운 산업 분에 해당되는 ICT를 기반으로 한 산업, 그다음에 새로운 물류 화물의 수요가 폭증할 것으로 보이는 LNG 이런 부분의 조선업 부분에 대해서도 또 우리의 지속적인 수요가 예상되는 과정에서 아직까지 우리나라는 성장의 여력들이 보여지고 있는 상황이다. 이렇게 보시면 되겠고요. 물론 코로나19 이후 내년부터는 조금 더 우리나라의 성장의 어떤 모멘텀이 조금 위축될 가능성은 많다고 말씀드릴 수 있습니다만, 그럼에도 불구하고 나름대로 여타 국가에 비해서는 그래도 방어를 하고 있다. 이렇게 말씀드립니다.◇ 최휘&gt; 물가 상승률 말씀해 주셨는데, 11월 소비자물가 상승률이 5%로 나왔거든요. 한 달 만에 0.7%p가 꺾인 건데, 이 수치를 어떻게 봐야 할까요? 고물가가 좀 잡혀가는구나, 이렇게 봐야 되는 건지요.◆ 박정호&gt; 정점을 찍었다고 저도 판단하고 있습니다. 사실 우리나라를 비롯해서 요즘 전 세계적으로 변화되는 물가 상승률 추이의 변화를 보면, 정보통신 분야가 발달되면서 물가 상승에 대응하기 위한 기업과 개인들의 대응력 또한 함께 높아졌구나라는 생각을 많이 갖게 됩니다. 예년 같으면 이렇게 7%에 준하는, 또 우리나라처럼 5%가 넘는 물가 상승에 대해서 새로운 부품 원자재를 더 싸게 조달받는다든가, 아니면 자신이 소비하고자 하는 물건을 더 싸게 조달받는 새로운 대안을 찾는데 적지 않은 시간이 소요되는 게 일반적이었거든요. 그런데 지금은 그야말로 인터넷에 들어가서 조금 더 싼 거래처가 어디인지, 아니면 조금 더 싸게 물건을 조달할 수 있는 방법이 뭔지를 아주 기민하게 대응하고 있는 것 같습니다. 그러다 보니까 당초 저희들이 예상한 것보다도 물가 상승률의 어떤 정점을 찍고 하향으로 돌아서는 시기가 예상보다도 빨라지고 있다. 이렇게 말씀드릴 수 있을 것 같고요. 그럼에도 불구하고 ""물가가 잡혔다."" 이렇게 말하기는 어렵습니다. 그 이유는 물가 상승이라는 건 '너울'과 같은 거라서 첫 번째 파도가 지나고 나면 두 번째, 세 번째 파도가 이어지는 경우가 많습니다. 대표적으로 천연가스 가격이 오르고 나면, 그것을 피하기 위해서 다른 어떤 원자재를 사용하다 보면 그 원자재 가격이 다시 뛰는 그런 너울이 생길 수가 있고요. 그다음에 천연가스 가격은 하락했다 하더라도, 천연가스를 활용해서 물건을 만드는 제품과 서비스 부분은 뒤늦게 가격이 올라가는 부분들이 생기게 됩니다. 그러다 보니까 우리가 언론 지면상에서 지금 많이 모니터하고 있는 특정 품목, 특정 제품들의 가격이 다소 꺾였다 하더라도 이전에 우리가 주목하지 않았던 새로운 품목에서 가격 상승의 모멘텀이 발생할 가능성이 많습니다. 그러다 보니까 물가 상승률이 정점을 찍은 것은 분명한 사실이지만, 내년 상반기에 물가가 잡혔다고 보기에는 아직까지 갈 길이 많아 보이네요.◇ 최휘&gt; 갈 길이 멀다. 더 지켜봐야 한다는 말씀이고요. 지금 서민의 가장 큰 걱정거리는 대출금리일 것 같아요. ""못 살겠다. 금리가 언제까지 올라가냐"" 하는 분들 많거든요. 앞으로 차주들의 이자 부담이 더 커질 것 같은데, 금리 부분은 어떻게 전망하시나요?◆ 박정호&gt; 최근 미국에서의 금리 기조가 변화된 부분이 하나 있는데요. 미국의 중앙은행 의장인 파월 같은 경우 ""금리 인상의 속도는 늦추는 대신 금리의 최종 목표치는 더 올리겠다""는 발언을 했습니다. 그러면 이걸 어떻게 받아들여야 되는지에 대해서 많은 분들이 의구심을 가지고 계시더라고요. 아직 물가가 안 잡힌 것 같고, 그리고 물가가 잡혔다면 금리 인상의 속도를 늦출 뿐만 아니라 최종 금리의 목표치도 낮춰야 되는 것 같은데, 속도는 늦추는 대신 최종 금리 목표치는 더 올리는 건 이중적인 모습이다라고 판단하시는 것 같습니다. 이런 이중적인 흐름이 나오는 가장 큰 배경을 설명 드리면 될 것 같은데요. 사실 최근 미국에서 큰 화두가 된 게, 미국 국채 발행이 원활하지 못하다는 부분이었습니다. 파월은 물가를 잡는 역할을 하지만, 미국 재무부 장관이 재넛 옐런은 말 그대로 '살림살이'를 하셔야 되거든요. 그런데 미국의 살림을 하기 위해서는 세금, 또는 채권을 발행해서 필요한 자금을 조달해야 하는데. 이 채권 발행이 제대로 되지 않는 상황에 놓여 있었습니다. 왜 그러냐 하면, 미국의 국채를 누군가 구매하려면 달러가 있어야 되는데요. 요즘 다 아시다시피 달러가 워낙 '킹 달러'까지 가격이 올라갔잖아요. 그러다 보니까 이렇게 비싼 달러를 주고 국채를 구매하려는 수요가 급격히 줄어든 상황이었습니다. 그러다 보니까 급박한 금리 인상 기조로 인해서 금융 부문에 많은 스트레스를 받고 있다는 시그널을 계속 재넛 옐런이 시장에 부여하게 됐고요. 바로 이런 금융시장에 대한 스트레스를 경감하고자 속도 자체는 좀 늦추겠다. 하지만 파월 입장에서는 아직 나도 내 숙제인 '물가를 잡는다'라는 것을 완료하지 못했다는 것을 분명히 알고 있기 때문에, 속도는 늦추는 대신 물가를 잡기 위해서 최종 금리 목표치는 더 올리겠다라고 전략적인 방향을 선회한 겁니다. 미국이 최종 목표 금리를 높인다는 것은 우리나라도 우리나라 금리와 미국의 금리의 역전 현상, 또는 역전의 폭이 너무 광범위하게 벌어지는 것은 부담이 될 수 있겠죠. 따라서 이런 상황에서 지금은 환율이 안정세에 있지만, 환율마저 불안정해지게 된다면 우리나라 한국은행에서도 금리 상승을 지금은 속도를 조절하고 충분한 금리 상승의 목표치를 3% 중반대로 제시는 하고 있습니다마는, 미국과의 여러 금리 격차 등을 고려했을 때 그 이상의 금리 상승 기조가 더 올라갈 수도 있는 가능성이 많습니다. 그러다 보니까 내년에도 고금리에 대한 우려는 계속된다. 이렇게 보시면 되겠고요. 하나만 더 말씀드리면 금리가 올라가서, 물가가 잡혔다고 해서 그다음 달에 금리를 바로 내리는 경우는 사실 전례상 본 적이 많지 않습니다. 그러면 이 고금리가 유지된 상태에서 내년에는 상당 기간 그 고금리 기조가 계속될 것도 미리 대비하시는 게 좋아 보입니다.◇ 최휘&gt; 알겠습니다. 일단 내년에도 추가 금리인상은 이루어지겠고요. 이후 금리인상이 멈추더라도, 고금리 상태는 한동안 유지될 수 있다는 말씀이신 것 같습니다. 오늘 말씀 여기까지 듣겠습니다. 감사합니다.◆ 박정호&gt; 감사합니다.◇ 최휘&gt; 지금까지 박정호 명지대 특임교수와 함께했습니다.
]"
2022-12-02 6:46,[굿모닝브리핑] 월드컵 16강 진출의 키는 '측면 공략',https://n.news.naver.com/mnews/article/052/0001820868?sid=104,"[
			■ 진행 : 정지웅 앵커■ 출연 : 이현웅 YTN라디오 아나운서* 아래 텍스트는 실제 방송 내용과 차이가 있을 수 있으니 보다 정확한 내용은 방송으로 확인하시기 바랍니다. 인용시 [YTN 굿모닝와이티엔] 명시해주시기 바랍니다. [앵커]12월 2일 금요일입니다. 오늘 아침 신문은 어떤 소식을 다뤘는지짚어보겠습니다. 이현웅 아나운서가주요 내용 정리해왔습니다. 어서 오세요.첫 번째 기사 보겠습니다. 월드컵 관련 내용인데요. 끝날 때까지 끝난 게 아니다. 지금 우리나라의 16강 진출 가능성은 아직 남아있습니다. 오늘 밤에 있을 포르투갈전. 신문들도 많이 다뤘죠?[이현웅]그렇습니다. 아침부터 배가 아프신 분들이 많을 것 같은데요. 일본이 조 1위로 16강에 올라갔다는 소식 아침에 들어왔습니다. 한국일보 보겠습니다. 포르투갈은 이전에 우리가 맞붙은우루과이, 가나보다 한 수 위 전력으로 평가되고 있습니다. 다만, 매서운 공격에 비해수비가 약하다는 게 전문가들의평가인데, 특히 부상 등으로 인해 좌측 라인은 모두 주전이 아닌백업 멤버들로 구성이 됩니다.따라서 우리는 측면 돌파를 통한득점 기회를 만드는 게 중요하다고 보고 있었고요. 또 포르투갈은 현재 5명의 주축 선수가옐로카드, 경고를 받고 있는데,우리와 경기에서 한 번 더 받게 되면16강 경기에는 진출할 수 없게 됩니다. 마침 이번 경기 주심은 카드를 꺼내들길 아끼지 않는 편으로 알려져 있기때문에, 포르투갈이 이를 감안해 경고를 받았던선수들을 선발에서 제외하거나,나오더라도 소극적으로 뛸 가능성도 있겠습니다.다만 우리 선수단에서도황희찬, 김민재 선수의 출전이아직까지도 불투명한 상황이기 때문에 베스트일레븐으로 출전할 수 있을지걱정되는 상황입니다. 한편 한겨레신문에는우리가 꼭 이겨야 하는 또 다른 이유로호날두 노쇼 사건을 언급하고 있었습니다.아마 많이들 기억하실 텐데요. 2019년 7월이었습니다. K리그 올스타와 이탈리아 유벤투스가친선전을 펼치는 날이었는데 호날두가 뛰는 모습을 직접 볼 수 있다는기대감에 서울월드컵경기장은6만5천 관중이 가득 찼었습니다. 하지만 사전 사인회나 기자회견은 물론,경기에 1분도 뛰지 않으면서 실망감을 줬었죠. 이 사건 이후 국내팬들에게만큼은'밉상'이 됐는데, '노쇼'를 '노골'로 되갚아 무실점 승리를 할 수 있길 바란다는 내용도 함께 담겨 있었습니다.[앵커]다음 기사입니다. 이번 파업을 두고'강 대 강'이란 표현이 참 많이 쓰이고 있는 것 같습니다. 지하철이나, 철도 파업에선협상이 타결됐지만화물연대에서는 그런 모습이 보이지 않고 있는 것 같아요.[이현웅]그렇습니다. 현재 민주노총 화물연대는오는 6일, 그러니까 다음 주 화요일에총파업을 예고한 상태입니다. 하지만 정부도 물러서지 않고,안전운임제 전면 폐지를 검토할 수 있고,정유업종 등에 대해 추가 업무개시명령을발동할 수 있다며 고강도 압박을 이어가고 있는 모습입니다.이런 가운데 업무개시명령을 발동한시멘트 분야에선 출하량이 늘어나는 모습을 보이기도 했는데요. 비노조원을 중심으로 일부가 업무에 복귀한 걸로 파악되고 있습니다. 이에 대해 화물연대 측은정부가 파업 참여자와 비 참여자 사이'노노 갈등'을 부추긴다며 반발하기도 했습니다.한편 11월 누적 무역적자가426억 달러로 발표된 게파업에 부정적인 여론을 한층 더 자극했다는 내용도 담겨 있었고요. 반대로 해외 노동계에서 우리 정부에 노동 탄압을 규탄하는공개서한을 보냈다는 내용도 함께실려 있었습니다.[앵커]다음 기사로 중국 소식도 살펴보겠습니다. 장쩌민 전 주석의 사망이이번 시위에 어떤 영향을줄지 주목되고 있는데,중국 정부에서 장쩌민 추모 띄우기에나섰다고요?[이현웅]그렇습니다. 중국 정부는 장 전 주석의사망으로 전국에서 '백지 시위'가격화하는 걸 우려하고 있다고 합니다. 따라서 대대적으로 추모하는 분위기를조성해 격화된 시위 분위기를 가라앉히려고애쓰고 있다고 하는데요. 장 전 주석 부고의 글자 수가5,190자로,마오쩌둥, 덩샤오핑 때에 비해더 길게 작성이 됐다고 합니다.그리고 부고 내용에도 그가 톈안먼 사태를 잠재운 인물이란점을 강조했다는데, 시위가 격화하는 걸막겠다는 의도로 해석되고 있습니다. 중국 관영 매체들은 홈페이지를 흑백으로바꿔 조의를 표하거나,메인 뉴스의 대부분 시간을 할애해장 전 주석 사망 소식을 전하기도 했는데요. 이런 상황에 시위대는 당분간추모 분위기를 관망하며 대응 방향을정할 걸로 전망되고 있었습니다.한편, 한국일보에는 중국 런민대 재학생이 전한 시위 현장 분위기가실려 있기도 했는데요. 런민대는 친정부적 학교로 꼽히고,공산당 간부 자녀들이 많이 다니는 걸로알려진 학교입니다. 그런데 최근 런민대 학생 한 명이 양성이라고 알려지면서 학교는 기숙사 전체를 봉쇄하고 나섰고요.하지만 이후 최종 음성 판정이 나왔는데,그럼에도 봉쇄가 계속되니까 이를 참지 못하고 런민대 학생 500여 명이뛰쳐나와 시위에 참가했다고 합니다. 결국 중국은 그동안의 '제로 코로나' 정책을 다소 완화해 민심 수습에 나서는 모습을조금씩 보이는 상황입니다.[앵커]다음 기사 보겠습니다. 일본 관련 내용입니다. 일본은 2차 세계 대전 이후공격받았을 때만 방위력을 행사할 수 있는 '전수방위' 원칙을 지켜 왔는데,그런데 최근 움직임이 좀 달라졌다고요?[이현웅]그렇습니다. 일본은 최근 70년 넘게 지켜 온'전수방위' 원칙을 전환하려는움직임을 보이고 있습니다. 다양한 공격용 미사일 개발에속도를 내고 있는 건데요. 5조 엔, 그러니까 우리 돈 약 47조를 들여서동시에 장거리 미사일 10여 종을 개발 중이라고 합니다.여기서 핵심이라고 할 수 있는12식 지대함 유도탄의 경우에는 사거리를 현재 200km에서 1,000km까지 연장하고,전투기, 함정, 잠수함에서도 쏠 수 있도록 개량한다고 합니다. 여기서 상대를 명시하진 않았지만사거리로만 보면 중국 본토 주요 지역도 들어온다고 합니다.이런 장거리 미사일 개발과 배치가완료될 때까지는 미국의 순항 미사일인 토마호크를최대 500기까지 구입할 방침이라고 합니다. 일본은 '상대가 무력 공격에착수했을 때 반격이 가능하다'고해석하면서 이렇게 군비 확충을하고 있는데요. 여기서 '착수'가 언제를 말하는 것인지모호하단 점을 들어서 사실상 평화헌법이 무력화될 수 있다는지적도 나오고 있습니다. 일본의 한 교수는 일본이 공격할 때 상대의 무력 공격을 증명하지못한다면 침략자가 될 수 있다면서 객관적 사실에 따른 공격 착수판단이 필요하다고 말하기도 했습니다.[앵커]다음 기사입니다. 최근 날씨가 급격히 추워졌습니다. 본격적인 겨울이 이미 시작된 것 같은데요. 한파 대책이 부족하다, 이런 지적이 계속해서 나오고 있죠?[이현웅]그렇습니다. 한겨레 신문을 보면,건설 현장 노동자들의 관련 인터뷰가 실려 있었는데 여름은 폭염으로 인한 산업재해가 이어지며안전대책이 마련됐지만, 한파에 대비한 안전관리 대책은 부족하다고지적하는 기사였습니다. 콘크리트가 충분히 굳을 수 있도록 하는차원의 작업중지 명령은 있지만,노동자들의 안전을 고려한 건 아니라고 하고요.올겨울 한파를 앞두고 노동부에서따뜻한 물 비치, 혹은 휴게공간 확보 등의매뉴얼을 배포하기도 했지만,현장에서는 '현실성 없는보여주기식 대책'이라고 말하고 있었습니다. 따뜻한 물은 현장 입구 같은 곳에만 한두 곳에만 있을 뿐진짜 노동자들이 필요한 곳엔 없다고 했고요.휴게공간 역시, 아주 좁게 형식적으로만설치해둔 경우가 많아서 정말 들어가서 몸을 녹일 수는 없는 상황이라고 합니다. 관련 법안들이 발의된 바도 있는데 모두 상임위 무턱을 넘지 못했고 계류 중인 상황이라고 전하고 있었습니다.[앵커]알겠습니다. 오늘 굿모닝 브리핑은 여기까지 듣겠습니다. 감사합니다.
		]"
2022-12-02 17:26,"[차이나워치] 중국 온·오프라인서 장쩌민 애도…""최고 예우 장례""",https://n.news.naver.com/mnews/article/422/0000572823?sid=104,"[
[앵커]중국 당국이 이틀 전 사망한 장쩌민 전 주석의 추모 분위기를 띄우고 있습니다. 최고 예우를 갖춰 장례를 준비하고 있는데요. 한편에서는 이런 추모 분위기가 최근 중국 전역에서 확산하는 '백지시위'에 영향을 줄 수 있다는 전망도 나옵니다. 자세한 소식 베이징 연결해 살펴보겠습니다. 임광빈 특파원. [기자]네, 베이징입니다. [앵커]장 전 주석에 대한 중국인들의 애도 분위기는 어떤가요?[기자] 중국 SNS에서는 장쩌민 전 주석의 생전 활동 영상이 잇따라 소환되고 있습니다.소탈하고 다소 우스꽝스럽기까지 했던 생전 모습을 회상하며 고인을 추모하는 것입니다.꽃을 들고 장 전 주석의 고향 집을 찾는 사람도 줄을 잇고 있습니다.마지막으로 눈을 감은 상하이에서 베이징으로 운구되는 거리에는 수많은 인파가 도열했습니다.이 같은 추모 분위기 속에서 중국 당국도 최고 예우를 갖춰 장례를 준비하고 있습니다.장례위원장을 맡은 시진핑 주석은 공항에서 직접 시신을 맞았습니다.국장 격인 추도대회는 다음 주 화요일(6일) 오전, 베이징 인민대회당에서 열릴 예정입니다.&lt;CCTV 보도&gt; ""추도대회는 생중계될 예정이며, 모든 지역, 모든 부서는 다수의 당원과 간부, 대중을 조직해 시청 또는 청취해야 합니다.""[앵커]중국 당국이 이처럼 추모 분위기를 띄우면서도 한편으로는 걱정하는 부분이 있다고 하던데요. 어떤 점을 우려하는 것인가요?[기자]이른바 '백지 시위'가 다시 격화하는 도화선이 되지 않을까 우려하는 모습입니다.백지 시위는 지난달 24일 신장 우루무치에서 발생한 아파트 화재 참사로 촉발했습니다. 지난 주말부터 상하이와 베이징, 광둥과 시안 등 중국 전역에서 동시다발 시위가 발생했습니다.강력한 단속으로 다소 잦아들기는 했지만, 중국 당국은 장 전 주석 추모 분위기를 타고 다시 불이 붙지 않을까 경계하는 것입니다.1989년 톈안먼 민주화 시위가 당시 후야오방 전 총서기의 사망으로 촉발했다는 점에서 이와 유사한 흐름을 보일 수 있다는 분석이 나옵니다.부고를 내면서 중국에서는 '정치풍파'라고 정의하는 톈안먼 민주화 운동을 잠재운 인물이라고 거듭 강조했는데요.추모 분위기가 자칫 시위로 격화하는 것을 막겠다는 의도가 담긴 것으로 보입니다.[앵커]중국 당국의 검열과 단속이 강력해졌다고 하던데요. 어느 정도인가요?[기자]우선 거리 곳곳에 배치된 경찰 인력이 눈에 띄게 늘었습니다.연합뉴스TV 베이징 지사는 톈안먼 광장과 이어지는 시내 중심 창안제 인근 외교단지에 자리하고 있습니다.이곳 주변은 물론이고, 지난 주말 대규모 시위가 벌어진 량마허를 비롯해 시내 곳곳 고가도로에도 보안 요원들이 대거 배치됐습니다.인터넷과 SNS 단속 역시 강화됐습니다.상하이에서는 버스와 지하철 같은 대중교통 승객들을 대상으로 무차별 휴대전화를 검사하고 있습니다.중국에서 허가되지 않은 트위터나 인스타그램, 텔레그램 등을 단속하는 것인데, 비공개 대화방을 이용해 공유하는 시위 정보와 시위 계획을 적발하겠다는 겁니다.대규모 시위가 중국 곳곳에서 동시다발 확산하던 이번 주 초 중국 보안 당국인 국가사이버정보판공실은 중국의 인터넷 기업들에 단속 인력 확대를 지시한 것으로 알려졌습니다.중국 당국은 인터넷 우회 접속 프로그램인 가상사설망, 이른바 VPN 접근을 차단하라는 지시를 내렸다고 미국 월스트리트저널이 보도했습니다.[앵커]중국 내 대학들은 방학을 서두르며 학생들의 귀향을 재촉하고 있다고요?[기자]시위 참가자들을 분산시키기 위한 목적으로 보입니다.지난 주말 시진핑 주석의 모교이기도 한 칭화대에서는 한 학생이 흰 종이를 들고 시위를 시작했습니다.학교 측이 이를 저지하려는 순간 수많은 학생들이 주변으로 모여들었고, 하나둘 흰 종이를 꺼내 들며 '백지 시위'에 불을 붙였습니다.칭화대는 이 시위가 벌어진 뒤 무료 귀향 버스를 운영하기 시작했는데요.인근 베이징대를 비롯해 기숙사 밖 외출을 통제하던 각 대학들이 학생들의 귀향을 재촉하고 나섰습니다.'제로코로나' 반대 시위가 계속되고 있는 광둥성 광저우 당국도 농민공으로 불리는 노동자들의 귀향을 독려하고 나섰습니다.문제는 대책도 없이 수많은 사람들을 한꺼번에 나가라고 하다 보니, 노숙자들이 급증하고 있는 겁니다.홍콩 매체 명보는 광저우 당국이 타지인의 귀향을 촉구하면서 철도역이 중국의 설인 춘제 연휴만큼 혼잡하고, 노숙자도 급증하고 있다고 전했습니다.[앵커]이런 가운데, 중국 각지에서 방역 기준을 완화하기 시작했다고요? [기자]'중국 제조업 허브'로 불리는 광둥성 광저우가 도심 지역의 전면적인 방역 봉쇄를 완화한다고 밝혔습니다.통제 구역을 최소화하고, 임의로 봉쇄 구역을 확대하지 않는 한편, 봉쇄 해제 조건이 된다면 즉시 이행하겠다고 약속했습니다.도심 곳곳에 설치된 방역 가림막이 철거되면서 차량 운행도 정상화됐습니다.충칭시도 감염 위험이 낮은 지역의 인구 이동을 허용하는 등 점진적으로 봉쇄를 완화하기로 했습니다.하루 8천 명 대 신규 감염자가 발생한 광저우와 충칭 지역의 봉쇄 완화 조치는, 대규모 시위가 잇따르는 등 민심 이반 조짐이 보이는 데 따른 대응으로 풀이됩니다.이런 가운데, '제로코로나' 정책은 사회적 비용이 가장 낮은 방역 전략이라던 중국 당국이 오미크론 변이의 병원성이 약해졌다고 밝혀 주목되고 있습니다.중국의 방역 정책을 총괄하는 쑨춘란 부총리는 최근 열린 한 좌담회에서 이같이 말하며, 그동안의 경험 축적을 강조했습니다.중국 관변 매체들도 이 발언에 맞장구를 치며 ""봉쇄는 신속히 하고, 신속히 해제해야 한다""고 밝혔는데요.봉쇄 장기화에 반발하는 시위가 잇따르자 중국 당국이 지금까지 고수해 온 방역 정책에서 출구 전략을 찾는 것이란 분석이 나옵니다. 지금까지 베이징에서 전해드렸습니다. #장쩌민 #추모분위기 #장례준비 #백지시위 #제로코로나 #방역기준완화연합뉴스TV 기사문의 및 제보 : 카톡/라인 jebo23
]"
2022-12-02 11:43,&lt;포럼&gt;화물차 허가제→ 등록제 복귀도 급하다,https://n.news.naver.com/mnews/article/021/0002544510?sid=110,"[




최준선 성균관대 법학전문대학원 명예교수현재 진행되고 있는 화물연대 집단 운송 거부 참가자들은 자영업자들이지 근로자가 아니다. 자영업자들의 운송거부 행위 자체는 노동관계법상 ‘파업’이 아니어서 불법도 아니다. 한국은 헌법상 집회결사의 자유를 보장하는 자유민주 국가이므로, 그들이 일을 팽개치고 집회와 시위를 하는 것도 자유다. 다만, 집회 과정에서 집단행동에 참여하지 않은 운송업자에게 참여를 강요하거나 쇠구슬을 쏴 인적·물적 손해를 일으키고, 공장과 사무실 진입로를 봉쇄하는 등의 행위는 업무방해로 명백한 불법이다.지난 6월 화물연대는 ‘안전운임제 일몰 폐지’ 및 ‘품목 확대’를 요구하며 매일 수천 명이 집단 운송거부에 돌입해 시멘트·정유·철강산업 등에 막대한 피해를 줬다. 정부는 안전운임제를 3년 연장하기로 결정해 차주들을 달랬으나, 화물연대는 지난 초여름의 주장을 되풀이하면서 또다시 집단 운송거부에 돌입했고, 국토교통부 장관은 운송거부자에 대해 업무개시 명령을 발동했다.업무개시 명령은 △정당한 사유 없는 집단 운송거부 △화물 운송에 커다란 지장 △국가 경제에 매우 심각한 위기 초래의 경우에 국무회의 심의를 거쳐 발동된다. 지금까지 화물연대의 집단 운송거부로 1조 원 이상의 피해가 추산되므로 이미 위 요건들은 모두 충족된 것으로 보인다. 국무회의 심의를 거쳐 발동된 이상 이젠 엄정한 법률 집행만 남았다. 일각에선 업무개시 명령의 정당한 사유가 없다고 하지만, ‘안전운임제 일몰 폐지’ 및 ‘품목 확대’와 같은 특정 제도에 대한 반대 의사 표명은 정당한 사유 아니라는 게 일반적인 견해다.현재 화물차는 허가제로 관리되고 있어, 화물차 업계의 진입 장벽이 매우 높다. 2003년 화물연대의 대규모 파업에 대응하는 과정에서 화물차 업계의 요구를 정부가 들어 준 탓이다. 허가제 아래서 운송을 거부하면 정부는 대책이 없게 된다. 이를 어느 정도 막을 수 있는 제도가 업무개시 명령제다. 그러나 진입 장벽이 높은 곳에서는 항상 기득권자에 대한 지나친 보호와 그 보호를 뛰어넘는 탐욕이 넘실댄다. 화물차 업계도 마찬가지다. 업계는 허가제에 만족하지 못하고 2020년 세계에 유례가 없는, 일종의 최저임금제인 ‘안전운임제’까지 요구해 관철했고, 이제는 ‘영구적 안전운임제’에다 품목 확대까지 요구한다.고질적인 병폐를 뜯어고치는 방법은 진입 장벽을 걷어내는 것뿐이다. 차제에 안전운임 제도를 폐지하는 동시에 허가제를 등록제로 되돌려야 한다. 그것이 입법 사안이어서 당장 어렵다면 시행령을 고쳐 허가의 기준을 대폭 완화해야 한다. 현재 지하철이나 철도 파업 시에는 신속하게 대체인력이 투입되고 있어 파업을 하더라도 파괴적이거나 극렬하지 않고 타협도 비교적 쉽다.‘헌법 위에 떼법 있다’는 말은 이제 더는 통할 수 없음을 보여줘야 한다. 노조가 집단행동을 하면 정부가 번번이 물러서자 이제는 자영업자인 차주들까지도 집단행동을 한다. 도무지 정부의 영이 서지 않는다. 윤석열 대통령은 “제 임기 중에 노사 법치주의를 확고히 세울 것이며, 불법과는 절대 타협하지 않을 것”이라며 법치주의 원칙을 강조했다. 국민이 윤 대통령을 선택한 이유도 바로 ‘법치주의 확립’이다. 노사관계 법치 확립에 가장 좋은 때가 바로 지금이다.
		]"
